[{"runId":2,"checkerId":"2022","bugHash":"abtfp2jr9p11wy3aa8i5jeim77yyutky","checkedFile":"src/example46.hpp","checkerMsg":" 配列の境界チェックがされていません。 ","reportId":486,"fileId":959,"line":20,"column":70,"severity":10,"reviewData":{"status":3,"comment":"#Rule-1.3 違反","author":"taro yamada@company.com","date":"2023-07-20 00:00:00.000000","status_str":"INTENTIONAL"},"detectionStatus":3,"detectedAt":"2022-12-20 00:00:00.000000","fixedAt":null,"bugPathLength":3,"details":null,"analyzerName":"Clang-Tidy","guidelines":[],"product":"safety_system"},{"runId":1,"checkerId":"0914","bugHash":"f0bac19voyscvidcglqms6d9idhccqdx","checkedFile":"src/example12.c","checkerMsg":" 関数型の仮引数並びを空にすると、C++言語では異なる意味になります。 ","reportId":407,"fileId":387,"line":44,"column":39,"severity":0,"reviewData":{"status":3,"comment":"FalsePositive - 実際には問題ないコードです","author":"siro sato@company.com","date":"2025-05-04 00:00:00.000000","status_str":"INTENTIONAL"},"detectionStatus":1,"detectedAt":"2024-08-29 00:00:00.000000","fixedAt":"2025-04-14 00:00:00.000000","bugPathLength":4,"details":"Path: func1() -> func2()","analyzerName":"QAC","guidelines":[],"product":"car_project"},{"runId":3,"checkerId":"1303","bugHash":"v8zgcsvxajp0i7ergaxdycie2ctgycyv","checkedFile":"src/example3.cpp","checkerMsg":" 仮定義が使用されています。可能であれば明示的な初期化子を記述して下さい。 ","reportId":553,"fileId":54,"line":40,"column":8,"severity":10,"reviewData":{"status":3,"comment":"FalsePositive - 実際には問題ないコードです","author":"jiro suzuki@companu.com","date":"2023-10-15 00:00:00.000000","status_str":"INTENTIONAL"},"detectionStatus":1,"detectedAt":"2022-07-15 00:00:00.000000","fixedAt":null,"bugPathLength":3,"details":null,"analyzerName":"CodeSonar","guidelines":[],"product":"safety_system"},{"runId":8,"checkerId":"0914","bugHash":"8bqdyp0zrp9ezpmslbkgt9mnjfxz4y2v","checkedFile":"src/example33.hpp","checkerMsg":" [U] ソースファイルの末尾が改行文字で終了していません。 ","reportId":836,"fileId":940,"line":1,"column":27,"severity":20,"reviewData":{"status":3,"comment":"#Rule-1.3 違反","author":"siro sato@company.com","date":"2023-03-18 00:00:00.000000","status_str":"INTENTIONAL"},"detectionStatus":2,"detectedAt":"2022-07-29 00:00:00.000000","fixedAt":"2025-05-08 00:00:00.000000","bugPathLength":2,"details":"Path: func1() -> func2()","analyzerName":"Clang-Tidy","guidelines":[],"product":"mydemo"},{"runId":7,"checkerId":"0914","bugHash":"dvuafuvaxojyebkwrnw0txjpjindnul3","checkedFile":"src/example78.c","checkerMsg":" 関数型の仮引数並びを空にすると、C++言語では異なる意味になります。 ","reportId":156,"fileId":41,"line":30,"column":37,"severity":30,"reviewData":{"status":3,"comment":"意図的な実装です","author":"saburo tanaka@company.com","date":"2021-10-31 00:00:00.000000","status_str":"INTENTIONAL"},"detectionStatus":2,"detectedAt":"2020-04-08 00:00:00.000000","fixedAt":null,"bugPathLength":1,"details":"Path: func1() -> func2()","analyzerName":"Coverity","guidelines":[],"product":"mydemo"},{"runId":10,"checkerId":"0914","bugHash":"7oozlvou8lkembo00rwq3xkpefnwdkev","checkedFile":"src/example78.cpp","checkerMsg":" 変数が使用される前に初期化されていません。 ","reportId":168,"fileId":101,"line":32,"column":53,"severity":10,"reviewData":{"status":3,"comment":"これは確認済みの問題です","author":"siro sato@company.com","date":"2025-06-27 00:00:00.000000","status_str":"INTENTIONAL"},"detectionStatus":2,"detectedAt":"2025-06-24 00:00:00.000000","fixedAt":"2025-10-09 00:00:00.000000","bugPathLength":1,"details":"Path: func1() -> func2()","analyzerName":"Clang-Tidy","guidelines":[],"product":"engine_control"},{"runId":3,"checkerId":"0914","bugHash":"vpcesbyambjuwkv0qdruyixi4prgxz2b","checkedFile":"src/example86.h","checkerMsg":" 変数が使用される前に初期化されていません。 ","reportId":879,"fileId":953,"line":12,"column":36,"severity":20,"reviewData":{"status":2,"comment":"意図的な実装です","author":"jiro suzuki@companu.com","date":"2023-09-06 00:00:00.000000","status_str":"FALSE_POSITIVE"},"detectionStatus":1,"detectedAt":"2022-12-12 00:00:00.000000","fixedAt":null,"bugPathLength":5,"details":null,"analyzerName":"Clang-Tidy","guidelines":[],"product":"engine_control"},{"runId":6,"checkerId":"1900","bugHash":"vel77gylor4e7iwgdjyqiujn5zv3jsxu","checkedFile":"src/example88.h","checkerMsg":" 変数が使用される前に初期化されていません。 ","reportId":401,"fileId":796,"line":35,"column":13,"severity":20,"reviewData":{"status":3,"comment":"#Rule-1.3 違反","author":"siro sato@company.com","date":"2025-09-25 00:00:00.000000","status_str":"INTENTIONAL"},"detectionStatus":3,"detectedAt":"2025-09-18 00:00:00.000000","fixedAt":null,"bugPathLength":4,"details":"Path: func1() -> func2()","analyzerName":"Clang-Tidy","guidelines":[],"product":"safety_system"},{"runId":10,"checkerId":"2120","bugHash":"m4lvhnzk3wzwfdyjn0wqnwphiblryv4g","checkedFile":"src/example52.cpp","checkerMsg":" 配列の境界チェックがされていません。 ","reportId":260,"fileId":800,"line":16,"column":68,"severity":30,"reviewData":{"status":1,"comment":"#Rule-1.3 違反","author":"taro yamada@company.com","date":"2023-03-23 00:00:00.000000","status_str":"CONFIRMED"},"detectionStatus":2,"detectedAt":"2020-10-21 00:00:00.000000","fixedAt":null,"bugPathLength":1,"details":null,"analyzerName":"CodeSonar","guidelines":[],"product":"safety_system"},{"runId":6,"checkerId":"3200","bugHash":"qbf1kkvtm40hnxvzqj1ipjmtspaflrst","checkedFile":"src/example56.hpp","checkerMsg":" [U] ソースファイルの末尾が改行文字で終了していません。 ","reportId":707,"fileId":692,"line":44,"column":31,"severity":10,"reviewData":{"status":3,"comment":"意図的な実装です","author":"siro sato@company.com","date":"2024-07-07 00:00:00.000000","status_str":"INTENTIONAL"},"detectionStatus":1,"detectedAt":"2024-06-22 00:00:00.000000","fixedAt":null,"bugPathLength":1,"details":"Path: func1() -> func2()","analyzerName":"CodeSonar","guidelines":[],"product":"car_project"},{"runId":1,"checkerId":"0914","bugHash":"m6ars6uswne4dblpdizyyf82gkheyjmt","checkedFile":"src/example12.h","checkerMsg":" 変数が使用される前に初期化されていません。 ","reportId":301,"fileId":661,"line":36,"column":26,"severity":20,"reviewData":{"status":1,"comment":"FalsePositive - 実際には問題ないコードです","author":"jiro suzuki@companu.com","date":"2023-01-15 00:00:00.000000","status_str":"CONFIRMED"},"detectionStatus":2,"detectedAt":"2021-09-11 00:00:00.000000","fixedAt":null,"bugPathLength":2,"details":null,"analyzerName":"QAC","guidelines":[],"product":"engine_control"},{"runId":7,"checkerId":"3200","bugHash":"gktjhnvkkmncdc6j4q7m9icczovm3idn","checkedFile":"src/example60.hpp","checkerMsg":" 配列の境界チェックがされていません。 ","reportId":601,"fileId":478,"line":4,"column":5,"severity":30,"reviewData":{"status":1,"comment":"","author":"jiro suzuki@companu.com","date":"2025-07-25 00:00:00.000000","status_str":"CONFIRMED"},"detectionStatus":1,"detectedAt":"2025-05-10 00:00:00.000000","fixedAt":null,"bugPathLength":2,"details":"Path: func1() -> func2()","analyzerName":"Clang-Tidy","guidelines":[],"product":"engine_control"},{"runId":6,"checkerId":"1303","bugHash":"ebjsfl6bh6vvonhq9bissyv6zrhybnyi","checkedFile":"src/example24.h","checkerMsg":" [U] ソースファイルの末尾が改行文字で終了していません。 ","reportId":391,"fileId":208,"line":33,"column":26,"severity":40,"reviewData":{"status":3,"comment":"コーディング規約に違反しています","author":"siro sato@company.com","date":"2021-11-05 00:00:00.000000","status_str":"INTENTIONAL"},"detectionStatus":3,"detectedAt":"2021-06-27 00:00:00.000000","fixedAt":"2023-03-29 00:00:00.000000","bugPathLength":3,"details":null,"analyzerName":"CodeSonar","guidelines":[],"product":"safety_system"},{"runId":10,"checkerId":"1303","bugHash":"stmoavjzagnyf0aqfepsxpllu85q3hx5","checkedFile":"src/example47.h","checkerMsg":" 関数型の仮引数並びを空にすると、C++言語では異なる意味になります。 ","reportId":745,"fileId":257,"line":12,"column":49,"severity":0,"reviewData":{"status":2,"comment":"意図的な実装です","author":"taro yamada@company.com","date":"2024-09-01 00:00:00.000000","status_str":"FALSE_POSITIVE"},"detectionStatus":1,"detectedAt":"2023-11-12 00:00:00.000000","fixedAt":null,"bugPathLength":5,"details":"Path: func1() -> func2()","analyzerName":"Coverity","guidelines":[],"product":"engine_control"},{"runId":2,"checkerId":"0940","bugHash":"0cvilqbrta1p4sbskcbv2zu6afja7f8k","checkedFile":"src/example3.hpp","checkerMsg":" 仮定義が使用されています。可能であれば明示的な初期化子を記述して下さい。 ","reportId":678,"fileId":441,"line":1,"column":50,"severity":40,"reviewData":{"status":1,"comment":"コーディング規約に違反しています","author":"jiro suzuki@companu.com","date":"2024-11-04 00:00:00.000000","status_str":"CONFIRMED"},"detectionStatus":1,"detectedAt":"2023-01-11 00:00:00.000000","fixedAt":null,"bugPathLength":5,"details":"Path: func1() -> func2()","analyzerName":"QAC","guidelines":[],"product":"mydemo"},{"runId":2,"checkerId":"0914","bugHash":"c8dwjy4b2pvl8tnsetye089kpbubelxr","checkedFile":"src/example40.c","checkerMsg":" 仮定義が使用されています。可能であれば明示的な初期化子を記述して下さい。 ","reportId":770,"fileId":170,"line":26,"column":12,"severity":0,"reviewData":{"status":2,"comment":"","author":"taro yamada@company.com","date":"2022-03-04 00:00:00.000000","status_str":"FALSE_POSITIVE"},"detectionStatus":1,"detectedAt":"2021-09-11 00:00:00.000000","fixedAt":null,"bugPathLength":5,"details":"Path: func1() -> func2()","analyzerName":"Clang-Tidy","guidelines":[],"product":"engine_control"},{"runId":7,"checkerId":"2120","bugHash":"rhxllcn14gqdiecp0cvbkuszqxayti2q","checkedFile":"src/example85.hpp","checkerMsg":" 関数型の仮引数並びを空にすると、C++言語では異なる意味になります。 ","reportId":620,"fileId":598,"line":28,"column":63,"severity":40,"reviewData":{"status":2,"comment":"#Rule-1.3 違反","author":"jiro suzuki@companu.com","date":"2020-09-03 00:00:00.000000","status_str":"FALSE_POSITIVE"},"detectionStatus":1,"detectedAt":"2020-03-30 00:00:00.000000","fixedAt":"2025-06-15 00:00:00.000000","bugPathLength":2,"details":"Path: func1() -> func2()","analyzerName":"Clang-Tidy","guidelines":[],"product":"mydemo"},{"runId":8,"checkerId":"1505","bugHash":"5keioto5joo21w9vlw7wvveaxurmcvpg","checkedFile":"src/example7.hpp","checkerMsg":" 仮定義が使用されています。可能であれば明示的な初期化子を記述して下さい。 ","reportId":276,"fileId":945,"line":15,"column":4,"severity":30,"reviewData":{"status":3,"comment":"","author":"siro sato@company.com","date":"2024-07-06 00:00:00.000000","status_str":"INTENTIONAL"},"detectionStatus":1,"detectedAt":"2021-04-15 00:00:00.000000","fixedAt":null,"bugPathLength":4,"details":"Path: func1() -> func2()","analyzerName":"Clang-Tidy","guidelines":[],"product":"engine_control"},{"runId":2,"checkerId":"1505","bugHash":"vmo8psz7jc6fbinykyh3pxyh5vaikw37","checkedFile":"src/example5.cpp","checkerMsg":" 変数が使用される前に初期化されていません。 ","reportId":832,"fileId":535,"line":10,"column":32,"severity":10,"reviewData":{"status":1,"comment":"#Rule-1.3 違反","author":"siro sato@company.com","date":"2022-12-10 00:00:00.000000","status_str":"CONFIRMED"},"detectionStatus":3,"detectedAt":"2022-10-14 00:00:00.000000","fixedAt":"2024-11-12 00:00:00.000000","bugPathLength":2,"details":"Path: func1() -> func2()","analyzerName":"QAC","guidelines":[],"product":"safety_system"},{"runId":5,"checkerId":"1505","bugHash":"c0lnnpwlyafeckeqns9g3irstugjvfwe","checkedFile":"src/example50.hpp","checkerMsg":" [U] ソースファイルの末尾が改行文字で終了していません。 ","reportId":798,"fileId":225,"line":45,"column":37,"severity":30,"reviewData":{"status":3,"comment":"意図的な実装です","author":"taro yamada@company.com","date":"2024-07-29 00:00:00.000000","status_str":"INTENTIONAL"},"detectionStatus":2,"detectedAt":"2024-06-23 00:00:00.000000","fixedAt":null,"bugPathLength":3,"details":null,"analyzerName":"QAC","guidelines":[],"product":"car_project"},{"runId":7,"checkerId":"0914","bugHash":"cvelxiosona3h0u5p5r60kpdr7icmzbn","checkedFile":"src/example8.h","checkerMsg":" 変数が使用される前に初期化されていません。 ","reportId":229,"fileId":797,"line":36,"column":47,"severity":30,"reviewData":{"status":3,"comment":"これは確認済みの問題です","author":"taro yamada@company.com","date":"2023-09-30 00:00:00.000000","status_str":"INTENTIONAL"},"detectionStatus":1,"detectedAt":"2022-04-15 00:00:00.000000","fixedAt":"2022-09-27 00:00:00.000000","bugPathLength":1,"details":"Path: func1() -> func2()","analyzerName":"QAC","guidelines":[],"product":"car_project"},{"runId":7,"checkerId":"0940","bugHash":"xj8hlmiozdbbga68odevegoxkfeezaic","checkedFile":"src/example17.cpp","checkerMsg":" 変数が使用される前に初期化されていません。 ","reportId":830,"fileId":911,"line":4,"column":52,"severity":20,"reviewData":{"status":3,"comment":"コーディング規約に違反しています","author":"saburo tanaka@company.com","date":"2025-02-01 00:00:00.000000","status_str":"INTENTIONAL"},"detectionStatus":2,"detectedAt":"2023-06-15 00:00:00.000000","fixedAt":null,"bugPathLength":3,"details":"Path: func1() -> func2()","analyzerName":"QAC","guidelines":[],"product":"car_project"},{"runId":7,"checkerId":"1505","bugHash":"4rme3ea5gtc5yv4de0taxoehpyqr8lef","checkedFile":"src/example93.h","checkerMsg":" 変数が使用される前に初期化されていません。 ","reportId":603,"fileId":27,"line":41,"column":30,"severity":30,"reviewData":{"status":1,"comment":"これは確認済みの問題です","author":"siro sato@company.com","date":"2024-09-14 00:00:00.000000","status_str":"CONFIRMED"},"detectionStatus":2,"detectedAt":"2023-11-02 00:00:00.000000","fixedAt":"2024-12-28 00:00:00.000000","bugPathLength":2,"details":"Path: func1() -> func2()","analyzerName":"Coverity","guidelines":[],"product":"safety_system"},{"runId":1,"checkerId":"0914","bugHash":"ctcbtrqxqcoujcvcrzivkd3pxj8ogtui","checkedFile":"src/example33.hpp","checkerMsg":" 関数型の仮引数並びを空にすると、C++言語では異なる意味になります。 ","reportId":616,"fileId":26,"line":43,"column":48,"severity":20,"reviewData":{"status":2,"comment":"意図的な実装です","author":"taro yamada@company.com","date":"2025-04-11 00:00:00.000000","status_str":"FALSE_POSITIVE"},"detectionStatus":1,"detectedAt":"2020-06-30 00:00:00.000000","fixedAt":null,"bugPathLength":1,"details":null,"analyzerName":"QAC","guidelines":[],"product":"engine_control"},{"runId":3,"checkerId":"0940","bugHash":"x5tcom0nfcyaebbz2jpaf9s3eesi34hw","checkedFile":"src/example45.c","checkerMsg":" 関数型の仮引数並びを空にすると、C++言語では異なる意味になります。 ","reportId":531,"fileId":807,"line":42,"column":44,"severity":30,"reviewData":{"status":3,"comment":"コーディング規約に違反しています","author":"taro yamada@company.com","date":"2025-05-22 00:00:00.000000","status_str":"INTENTIONAL"},"detectionStatus":1,"detectedAt":"2023-10-29 00:00:00.000000","fixedAt":null,"bugPathLength":5,"details":null,"analyzerName":"Clang-Tidy","guidelines":[],"product":"engine_control"},{"runId":8,"checkerId":"1303","bugHash":"rhctgwbynvj9tnfyefhcxgqbvcohztzv","checkedFile":"src/example12.cpp","checkerMsg":" [U] ソースファイルの末尾が改行文字で終了していません。 ","reportId":687,"fileId":610,"line":1,"column":62,"severity":20,"reviewData":{"status":3,"comment":"意図的な実装です","author":"siro sato@company.com","date":"2025-01-28 00:00:00.000000","status_str":"INTENTIONAL"},"detectionStatus":2,"detectedAt":"2024-09-17 00:00:00.000000","fixedAt":null,"bugPathLength":3,"details":null,"analyzerName":"QAC","guidelines":[],"product":"engine_control"}]