[{"runId":4,"checkerId":"1303","bugHash":"46pubqfe7wwmh6xn0hd1jpozfcbed894","checkedFile":"src/example69.cpp","checkerMsg":" 関数型の仮引数並びを空にすると、C++言語では異なる意味になります。 ","reportId":271,"fileId":222,"line":43,"column":12,"severity":40,"reviewData":{"status":2,"comment":"コーディング規約に違反しています","author":"jiro suzuki@companu.com","date":"2025-01-13 00:00:00.000000","status_str":"FALSE_POSITIVE"},"detectionStatus":3,"detectedAt":"2023-08-23 00:00:00.000000","fixedAt":"2024-10-24 00:00:00.000000","bugPathLength":5,"details":null,"analyzerName":"QAC","guidelines":[],"product":"car_project"},{"runId":2,"checkerId":"1303","bugHash":"kbky0mroute3r34zg7lvrgfuwipotehd","checkedFile":"src/example47.hpp","checkerMsg":" 配列の境界チェックがされていません。 ","reportId":821,"fileId":445,"line":43,"column":67,"severity":10,"reviewData":{"status":1,"comment":"FalsePositive - 実際には問題ないコードです","author":"taro yamada@company.com","date":"2024-09-22 00:00:00.000000","status_str":"CONFIRMED"},"detectionStatus":3,"detectedAt":"2020-08-22 00:00:00.000000","fixedAt":null,"bugPathLength":5,"details":"Path: func1() -> func2()","analyzerName":"Coverity","guidelines":[],"product":"mydemo"},{"runId":4,"checkerId":"2120","bugHash":"l8xdyppp6pdwp5qbalwq4gp6yidgguyp","checkedFile":"src/example43.c","checkerMsg":" 関数型の仮引数並びを空にすると、C++言語では異なる意味になります。 ","reportId":876,"fileId":874,"line":14,"column":54,"severity":30,"reviewData":{"status":1,"comment":"","author":"jiro suzuki@companu.com","date":"2024-11-02 00:00:00.000000","status_str":"CONFIRMED"},"detectionStatus":2,"detectedAt":"2022-10-02 00:00:00.000000","fixedAt":"2023-12-24 00:00:00.000000","bugPathLength":4,"details":null,"analyzerName":"Coverity","guidelines":[],"product":"engine_control"},{"runId":10,"checkerId":"0914","bugHash":"dbenh0bbiy8sxvxgtcst6uhgzy8euqzi","checkedFile":"src/example66.hpp","checkerMsg":" 関数型の仮引数並びを空にすると、C++言語では異なる意味になります。 ","reportId":216,"fileId":277,"line":29,"column":14,"severity":40,"reviewData":{"status":2,"comment":"コーディング規約に違反しています","author":"saburo tanaka@company.com","date":"2025-02-26 00:00:00.000000","status_str":"FALSE_POSITIVE"},"detectionStatus":1,"detectedAt":"2023-04-07 00:00:00.000000","fixedAt":"2025-04-02 00:00:00.000000","bugPathLength":3,"details":null,"analyzerName":"CodeSonar","guidelines":[],"product":"car_project"},{"runId":5,"checkerId":"1505","bugHash":"3n10aoyoacccihfdktebcacglggw05tj","checkedFile":"src/example64.cpp","checkerMsg":" [U] ソースファイルの末尾が改行文字で終了していません。 ","reportId":696,"fileId":508,"line":49,"column":37,"severity":0,"reviewData":{"status":3,"comment":"FalsePositive - 実際には問題ないコードです","author":"saburo tanaka@company.com","date":"2024-09-11 00:00:00.000000","status_str":"INTENTIONAL"},"detectionStatus":2,"detectedAt":"2022-02-01 00:00:00.000000","fixedAt":null,"bugPathLength":4,"details":"Path: func1() -> func2()","analyzerName":"Coverity","guidelines":[],"product":"safety_system"},{"runId":6,"checkerId":"1505","bugHash":"jiosye9miqhyu4jwtpsdtusqtr028cut","checkedFile":"src/example12.cpp","checkerMsg":" 変数が使用される前に初期化されていません。 ","reportId":230,"fileId":657,"line":47,"column":54,"severity":10,"reviewData":{"status":2,"comment":"","author":"jiro suzuki@companu.com","date":"2024-08-31 00:00:00.000000","status_str":"FALSE_POSITIVE"},"detectionStatus":1,"detectedAt":"2022-11-11 00:00:00.000000","fixedAt":"2023-02-26 00:00:00.000000","bugPathLength":4,"details":"Path: func1() -> func2()","analyzerName":"Clang-Tidy","guidelines":[],"product":"engine_control"},{"runId":10,"checkerId":"1303","bugHash":"nejjfmgrfq8wgwutjfkplboekm7cqjfx","checkedFile":"src/example35.hpp","checkerMsg":" 変数が使用される前に初期化されていません。 ","reportId":397,"fileId":899,"line":36,"column":36,"severity":0,"reviewData":{"status":2,"comment":"これは確認済みの問題です","author":"jiro suzuki@companu.com","date":"2020-11-24 00:00:00.000000","status_str":"FALSE_POSITIVE"},"detectionStatus":1,"detectedAt":"2020-09-18 00:00:00.000000","fixedAt":"2023-07-22 00:00:00.000000","bugPathLength":4,"details":"Path: func1() -> func2()","analyzerName":"Coverity","guidelines":[],"product":"mydemo"},{"runId":7,"checkerId":"0914","bugHash":"p0yct0iyh0wvzzhnvvtjcrdtokdffwak","checkedFile":"src/example53.cpp","checkerMsg":" 配列の境界チェックがされていません。 ","reportId":213,"fileId":667,"line":27,"column":22,"severity":10,"reviewData":{"status":2,"comment":"","author":"jiro suzuki@companu.com","date":"2025-07-10 00:00:00.000000","status_str":"FALSE_POSITIVE"},"detectionStatus":2,"detectedAt":"2025-02-21 00:00:00.000000","fixedAt":"2025-02-21 00:00:00.000000","bugPathLength":5,"details":"Path: func1() -> func2()","analyzerName":"Clang-Tidy","guidelines":[],"product":"engine_control"},{"runId":2,"checkerId":"0914","bugHash":"rkbol6ckjejsrttvlsihjxhslrct0gwy","checkedFile":"src/example69.cpp","checkerMsg":" 変数が使用される前に初期化されていません。 ","reportId":957,"fileId":354,"line":23,"column":46,"severity":20,"reviewData":{"status":3,"comment":"これは確認済みの問題です","author":"siro sato@company.com","date":"2025-04-27 00:00:00.000000","status_str":"INTENTIONAL"},"detectionStatus":3,"detectedAt":"2020-04-22 00:00:00.000000","fixedAt":null,"bugPathLength":2,"details":"Path: func1() -> func2()","analyzerName":"Coverity","guidelines":[],"product":"safety_system"},{"runId":5,"checkerId":"2022","bugHash":"ibexeeeraofdym9jcvadcw8s3yl4vir6","checkedFile":"src/example55.h","checkerMsg":" 変数が使用される前に初期化されていません。 ","reportId":640,"fileId":68,"line":48,"column":7,"severity":0,"reviewData":{"status":3,"comment":"","author":"jiro suzuki@companu.com","date":"2023-02-22 00:00:00.000000","status_str":"INTENTIONAL"},"detectionStatus":2,"detectedAt":"2022-09-03 00:00:00.000000","fixedAt":"2024-10-22 00:00:00.000000","bugPathLength":5,"details":null,"analyzerName":"CodeSonar","guidelines":[],"product":"mydemo"},{"runId":7,"checkerId":"1303","bugHash":"irsabz5sqfskyhpvsrdkn6ga1bkz96sf","checkedFile":"src/example59.c","checkerMsg":" 配列の境界チェックがされていません。 ","reportId":455,"fileId":586,"line":21,"column":42,"severity":30,"reviewData":{"status":3,"comment":"","author":"taro yamada@company.com","date":"2023-08-13 00:00:00.000000","status_str":"INTENTIONAL"},"detectionStatus":1,"detectedAt":"2021-02-18 00:00:00.000000","fixedAt":null,"bugPathLength":2,"details":null,"analyzerName":"Clang-Tidy","guidelines":[],"product":"engine_control"},{"runId":3,"checkerId":"1505","bugHash":"au1rhbxx9ykahoejucvfc8yh92yaoh8j","checkedFile":"src/example54.cpp","checkerMsg":" 変数が使用される前に初期化されていません。 ","reportId":369,"fileId":279,"line":1,"column":7,"severity":30,"reviewData":{"status":3,"comment":"これは確認済みの問題です","author":"jiro suzuki@companu.com","date":"2024-05-20 00:00:00.000000","status_str":"INTENTIONAL"},"detectionStatus":1,"detectedAt":"2022-02-15 00:00:00.000000","fixedAt":null,"bugPathLength":3,"details":"Path: func1() -> func2()","analyzerName":"Clang-Tidy","guidelines":[],"product":"car_project"},{"runId":4,"checkerId":"1505","bugHash":"hrarhsjqv6x0yxzejg0k3fsjfqlgmyho","checkedFile":"src/example17.h","checkerMsg":" 配列の境界チェックがされていません。 ","reportId":328,"fileId":523,"line":46,"column":22,"severity":30,"reviewData":{"status":2,"comment":"FalsePositive - 実際には問題ないコードです","author":"taro yamada@company.com","date":"2023-01-24 00:00:00.000000","status_str":"FALSE_POSITIVE"},"detectionStatus":2,"detectedAt":"2022-05-12 00:00:00.000000","fixedAt":null,"bugPathLength":5,"details":null,"analyzerName":"CodeSonar","guidelines":[],"product":"safety_system"},{"runId":10,"checkerId":"1900","bugHash":"yaiehwotukqyqmpjqct80csgkwcy99yz","checkedFile":"src/example64.hpp","checkerMsg":" 仮定義が使用されています。可能であれば明示的な初期化子を記述して下さい。 ","reportId":593,"fileId":233,"line":28,"column":21,"severity":0,"reviewData":{"status":1,"comment":"コーディング規約に違反しています","author":"jiro suzuki@companu.com","date":"2024-06-02 00:00:00.000000","status_str":"CONFIRMED"},"detectionStatus":1,"detectedAt":"2023-08-07 00:00:00.000000","fixedAt":null,"bugPathLength":5,"details":"Path: func1() -> func2()","analyzerName":"CodeSonar","guidelines":[],"product":"safety_system"},{"runId":10,"checkerId":"1900","bugHash":"nqx9ybir71fkfryyss01w1bnudysfxtr","checkedFile":"src/example6.c","checkerMsg":" 仮定義が使用されています。可能であれば明示的な初期化子を記述して下さい。 ","reportId":187,"fileId":36,"line":33,"column":29,"severity":40,"reviewData":{"status":3,"comment":"FalsePositive - 実際には問題ないコードです","author":"siro sato@company.com","date":"2024-02-17 00:00:00.000000","status_str":"INTENTIONAL"},"detectionStatus":2,"detectedAt":"2023-11-29 00:00:00.000000","fixedAt":null,"bugPathLength":4,"details":"Path: func1() -> func2()","analyzerName":"Clang-Tidy","guidelines":[],"product":"safety_system"},{"runId":3,"checkerId":"2022","bugHash":"bpzldkwgmiugn0rrsthkihgpctq1ecew","checkedFile":"src/example94.c","checkerMsg":" 変数が使用される前に初期化されていません。 ","reportId":417,"fileId":920,"line":43,"column":9,"severity":20,"reviewData":{"status":3,"comment":"#Rule-1.3 違反","author":"taro yamada@company.com","date":"2024-05-08 00:00:00.000000","status_str":"INTENTIONAL"},"detectionStatus":2,"detectedAt":"2022-10-11 00:00:00.000000","fixedAt":null,"bugPathLength":1,"details":"Path: func1() -> func2()","analyzerName":"Clang-Tidy","guidelines":[],"product":"engine_control"},{"runId":9,"checkerId":"1505","bugHash":"vlt3crlprellavzfs4vgafxmlzdgzacf","checkedFile":"src/example52.c","checkerMsg":" [U] ソースファイルの末尾が改行文字で終了していません。 ","reportId":769,"fileId":106,"line":9,"column":48,"severity":20,"reviewData":{"status":3,"comment":"","author":"jiro suzuki@companu.com","date":"2023-01-02 00:00:00.000000","status_str":"INTENTIONAL"},"detectionStatus":3,"detectedAt":"2020-10-04 00:00:00.000000","fixedAt":"2021-10-29 00:00:00.000000","bugPathLength":2,"details":null,"analyzerName":"CodeSonar","guidelines":[],"product":"mydemo"},{"runId":10,"checkerId":"1303","bugHash":"nnyygp7yi287fg5cqqtqkayiiqhwkdt9","checkedFile":"src/example12.hpp","checkerMsg":" 変数が使用される前に初期化されていません。 ","reportId":566,"fileId":679,"line":21,"column":9,"severity":20,"reviewData":{"status":1,"comment":"これは確認済みの問題です","author":"taro yamada@company.com","date":"2025-01-02 00:00:00.000000","status_str":"CONFIRMED"},"detectionStatus":1,"detectedAt":"2024-07-16 00:00:00.000000","fixedAt":null,"bugPathLength":3,"details":"Path: func1() -> func2()","analyzerName":"Coverity","guidelines":[],"product":"safety_system"},{"runId":1,"checkerId":"0914","bugHash":"t2th83flmua0ian8fg9rrqa3vup4geat","checkedFile":"src/example7.hpp","checkerMsg":" 変数が使用される前に初期化されていません。 ","reportId":720,"fileId":132,"line":32,"column":72,"severity":40,"reviewData":{"status":3,"comment":"#Rule-1.3 違反","author":"saburo tanaka@company.com","date":"2024-09-24 00:00:00.000000","status_str":"INTENTIONAL"},"detectionStatus":2,"detectedAt":"2021-08-23 00:00:00.000000","fixedAt":null,"bugPathLength":2,"details":null,"analyzerName":"Coverity","guidelines":[],"product":"mydemo"},{"runId":9,"checkerId":"2120","bugHash":"yzqe1kq2obsomnj5hkbdenqij15ppxt5","checkedFile":"src/example63.c","checkerMsg":" 変数が使用される前に初期化されていません。 ","reportId":797,"fileId":19,"line":45,"column":22,"severity":10,"reviewData":{"status":3,"comment":"これは確認済みの問題です","author":"taro yamada@company.com","date":"2025-10-08 00:00:00.000000","status_str":"INTENTIONAL"},"detectionStatus":1,"detectedAt":"2025-09-07 00:00:00.000000","fixedAt":"2025-09-26 00:00:00.000000","bugPathLength":1,"details":null,"analyzerName":"Clang-Tidy","guidelines":[],"product":"mydemo"},{"runId":6,"checkerId":"3200","bugHash":"eq8sork2h3d3iqkehc9ragbhko10nxpn","checkedFile":"src/example56.c","checkerMsg":" 配列の境界チェックがされていません。 ","reportId":488,"fileId":812,"line":34,"column":54,"severity":0,"reviewData":{"status":2,"comment":"これは確認済みの問題です","author":"saburo tanaka@company.com","date":"2022-03-08 00:00:00.000000","status_str":"FALSE_POSITIVE"},"detectionStatus":3,"detectedAt":"2021-03-29 00:00:00.000000","fixedAt":null,"bugPathLength":5,"details":"Path: func1() -> func2()","analyzerName":"Coverity","guidelines":[],"product":"mydemo"},{"runId":10,"checkerId":"3200","bugHash":"rkp4wcws4ttdu28nf20sevw7nnvexsdv","checkedFile":"src/example43.hpp","checkerMsg":" 配列の境界チェックがされていません。 ","reportId":153,"fileId":288,"line":14,"column":66,"severity":20,"reviewData":{"status":2,"comment":"FalsePositive - 実際には問題ないコードです","author":"jiro suzuki@companu.com","date":"2025-03-22 00:00:00.000000","status_str":"FALSE_POSITIVE"},"detectionStatus":1,"detectedAt":"2023-12-04 00:00:00.000000","fixedAt":null,"bugPathLength":2,"details":"Path: func1() -> func2()","analyzerName":"CodeSonar","guidelines":[],"product":"mydemo"},{"runId":7,"checkerId":"0914","bugHash":"npfgczb24jxefwbpsc0vbp6qmmuagk1f","checkedFile":"src/example74.cpp","checkerMsg":" 配列の境界チェックがされていません。 ","reportId":124,"fileId":469,"line":37,"column":54,"severity":0,"reviewData":{"status":3,"comment":"これは確認済みの問題です","author":"saburo tanaka@company.com","date":"2023-05-22 00:00:00.000000","status_str":"INTENTIONAL"},"detectionStatus":1,"detectedAt":"2022-09-26 00:00:00.000000","fixedAt":null,"bugPathLength":5,"details":null,"analyzerName":"CodeSonar","guidelines":[],"product":"car_project"},{"runId":4,"checkerId":"1505","bugHash":"l9gzoasbpnyu3eocdotc24fjnds7m96q","checkedFile":"src/example19.c","checkerMsg":" 変数が使用される前に初期化されていません。 ","reportId":770,"fileId":962,"line":39,"column":36,"severity":40,"reviewData":{"status":1,"comment":"コーディング規約に違反しています","author":"saburo tanaka@company.com","date":"2025-07-15 00:00:00.000000","status_str":"CONFIRMED"},"detectionStatus":2,"detectedAt":"2024-01-22 00:00:00.000000","fixedAt":null,"bugPathLength":4,"details":"Path: func1() -> func2()","analyzerName":"Coverity","guidelines":[],"product":"mydemo"},{"runId":8,"checkerId":"2120","bugHash":"ronlslg51pbyps5uplb1qaylzhdmv73i","checkedFile":"src/example60.hpp","checkerMsg":" 仮定義が使用されています。可能であれば明示的な初期化子を記述して下さい。 ","reportId":117,"fileId":67,"line":32,"column":37,"severity":0,"reviewData":{"status":3,"comment":"","author":"jiro suzuki@companu.com","date":"2024-09-24 00:00:00.000000","status_str":"INTENTIONAL"},"detectionStatus":3,"detectedAt":"2021-12-21 00:00:00.000000","fixedAt":"2024-09-26 00:00:00.000000","bugPathLength":2,"details":"Path: func1() -> func2()","analyzerName":"Clang-Tidy","guidelines":[],"product":"safety_system"},{"runId":5,"checkerId":"0940","bugHash":"x7godopatrd3lnsnilnuxklnh6yjbxok","checkedFile":"src/example95.c","checkerMsg":" 関数型の仮引数並びを空にすると、C++言語では異なる意味になります。 ","reportId":838,"fileId":233,"line":33,"column":72,"severity":0,"reviewData":{"status":3,"comment":"FalsePositive - 実際には問題ないコードです","author":"siro sato@company.com","date":"2025-05-01 00:00:00.000000","status_str":"INTENTIONAL"},"detectionStatus":3,"detectedAt":"2023-11-08 00:00:00.000000","fixedAt":"2025-03-15 00:00:00.000000","bugPathLength":3,"details":"Path: func1() -> func2()","analyzerName":"Clang-Tidy","guidelines":[],"product":"mydemo"},{"runId":3,"checkerId":"0914","bugHash":"o4u8optqtgkhe2efrmdysxmmngwf29j6","checkedFile":"src/example18.h","checkerMsg":" 関数型の仮引数並びを空にすると、C++言語では異なる意味になります。 ","reportId":916,"fileId":328,"line":13,"column":21,"severity":40,"reviewData":{"status":3,"comment":"FalsePositive - 実際には問題ないコードです","author":"saburo tanaka@company.com","date":"2025-09-27 00:00:00.000000","status_str":"INTENTIONAL"},"detectionStatus":1,"detectedAt":"2025-09-11 00:00:00.000000","fixedAt":null,"bugPathLength":5,"details":null,"analyzerName":"Coverity","guidelines":[],"product":"car_project"},{"runId":5,"checkerId":"1303","bugHash":"qv5aepps8qmtgcbxilctuvir1cstiqfn","checkedFile":"src/example95.cpp","checkerMsg":" [U] ソースファイルの末尾が改行文字で終了していません。 ","reportId":910,"fileId":30,"line":13,"column":20,"severity":10,"reviewData":{"status":3,"comment":"コーディング規約に違反しています","author":"taro yamada@company.com","date":"2025-03-04 00:00:00.000000","status_str":"INTENTIONAL"},"detectionStatus":2,"detectedAt":"2020-07-18 00:00:00.000000","fixedAt":"2024-06-13 00:00:00.000000","bugPathLength":3,"details":"Path: func1() -> func2()","analyzerName":"CodeSonar","guidelines":[],"product":"safety_system"},{"runId":9,"checkerId":"1900","bugHash":"o1nklphxjcqlunklaogbvyz36v9s1keo","checkedFile":"src/example19.hpp","checkerMsg":" [U] ソースファイルの末尾が改行文字で終了していません。 ","reportId":591,"fileId":140,"line":45,"column":17,"severity":30,"reviewData":{"status":2,"comment":"#Rule-1.3 違反","author":"jiro suzuki@companu.com","date":"2025-10-09 00:00:00.000000","status_str":"FALSE_POSITIVE"},"detectionStatus":2,"detectedAt":"2023-06-07 00:00:00.000000","fixedAt":null,"bugPathLength":2,"details":"Path: func1() -> func2()","analyzerName":"CodeSonar","guidelines":[],"product":"safety_system"},{"runId":6,"checkerId":"2120","bugHash":"czvys10jpwk8zyu2ekpafu1ihzvt7dyw","checkedFile":"src/example46.h","checkerMsg":" 配列の境界チェックがされていません。 ","reportId":705,"fileId":852,"line":27,"column":76,"severity":10,"reviewData":{"status":2,"comment":"これは確認済みの問題です","author":"saburo tanaka@company.com","date":"2023-06-01 00:00:00.000000","status_str":"FALSE_POSITIVE"},"detectionStatus":3,"detectedAt":"2022-11-22 00:00:00.000000","fixedAt":null,"bugPathLength":2,"details":"Path: func1() -> func2()","analyzerName":"Clang-Tidy","guidelines":[],"product":"car_project"},{"runId":4,"checkerId":"2022","bugHash":"p0xkej11v3svwgguc1lmqwyjw2l4aoyy","checkedFile":"src/example51.hpp","checkerMsg":" 配列の境界チェックがされていません。 ","reportId":727,"fileId":357,"line":45,"column":10,"severity":0,"reviewData":{"status":2,"comment":"コーディング規約に違反しています","author":"taro yamada@company.com","date":"2023-07-05 00:00:00.000000","status_str":"FALSE_POSITIVE"},"detectionStatus":2,"detectedAt":"2021-01-05 00:00:00.000000","fixedAt":null,"bugPathLength":5,"details":null,"analyzerName":"CodeSonar","guidelines":[],"product":"mydemo"},{"runId":9,"checkerId":"2120","bugHash":"qcatlgpswwzcufwqpesemzcjoppjm2gj","checkedFile":"src/example71.hpp","checkerMsg":" 変数が使用される前に初期化されていません。 ","reportId":371,"fileId":173,"line":27,"column":28,"severity":10,"reviewData":{"status":2,"comment":"コーディング規約に違反しています","author":"siro sato@company.com","date":"2025-04-08 00:00:00.000000","status_str":"FALSE_POSITIVE"},"detectionStatus":3,"detectedAt":"2024-05-12 00:00:00.000000","fixedAt":"2025-01-06 00:00:00.000000","bugPathLength":4,"details":"Path: func1() -> func2()","analyzerName":"QAC","guidelines":[],"product":"mydemo"},{"runId":1,"checkerId":"3200","bugHash":"jsqx3swfjdw79sdbpchinbru5hqaioen","checkedFile":"src/example84.cpp","checkerMsg":" 変数が使用される前に初期化されていません。 ","reportId":175,"fileId":424,"line":46,"column":40,"severity":10,"reviewData":{"status":3,"comment":"FalsePositive - 実際には問題ないコードです","author":"siro sato@company.com","date":"2024-04-09 00:00:00.000000","status_str":"INTENTIONAL"},"detectionStatus":2,"detectedAt":"2023-08-16 00:00:00.000000","fixedAt":"2023-11-02 00:00:00.000000","bugPathLength":2,"details":null,"analyzerName":"QAC","guidelines":[],"product":"car_project"},{"runId":10,"checkerId":"2022","bugHash":"buhlqchcseo3etvktpnxrhina1holnl4","checkedFile":"src/example72.h","checkerMsg":" 関数型の仮引数並びを空にすると、C++言語では異なる意味になります。 ","reportId":186,"fileId":914,"line":13,"column":65,"severity":0,"reviewData":{"status":2,"comment":"FalsePositive - 実際には問題ないコードです","author":"taro yamada@company.com","date":"2024-01-22 00:00:00.000000","status_str":"FALSE_POSITIVE"},"detectionStatus":2,"detectedAt":"2023-11-03 00:00:00.000000","fixedAt":null,"bugPathLength":2,"details":null,"analyzerName":"CodeSonar","guidelines":[],"product":"car_project"},{"runId":3,"checkerId":"2022","bugHash":"wwjqdtrybvuq8luxcciub0deicswdqm0","checkedFile":"src/example83.hpp","checkerMsg":" 関数型の仮引数並びを空にすると、C++言語では異なる意味になります。 ","reportId":757,"fileId":86,"line":29,"column":18,"severity":40,"reviewData":{"status":3,"comment":"FalsePositive - 実際には問題ないコードです","author":"jiro suzuki@companu.com","date":"2025-01-06 00:00:00.000000","status_str":"INTENTIONAL"},"detectionStatus":2,"detectedAt":"2022-08-18 00:00:00.000000","fixedAt":null,"bugPathLength":3,"details":null,"analyzerName":"CodeSonar","guidelines":[],"product":"engine_control"},{"runId":2,"checkerId":"1505","bugHash":"efiyg83zyhlwhq9doeh1vdqiaas0lkgq","checkedFile":"src/example57.h","checkerMsg":" 仮定義が使用されています。可能であれば明示的な初期化子を記述して下さい。 ","reportId":143,"fileId":997,"line":14,"column":55,"severity":30,"reviewData":{"status":3,"comment":"コーディング規約に違反しています","author":"jiro suzuki@companu.com","date":"2025-09-27 00:00:00.000000","status_str":"INTENTIONAL"},"detectionStatus":3,"detectedAt":"2025-09-17 00:00:00.000000","fixedAt":null,"bugPathLength":3,"details":"Path: func1() -> func2()","analyzerName":"CodeSonar","guidelines":[],"product":"engine_control"},{"runId":9,"checkerId":"0914","bugHash":"w8xx6af4650izd3sab21d6xpmzpsusr2","checkedFile":"src/example1.c","checkerMsg":" 配列の境界チェックがされていません。 ","reportId":558,"fileId":896,"line":28,"column":22,"severity":20,"reviewData":{"status":3,"comment":"#Rule-1.3 違反","author":"taro yamada@company.com","date":"2020-08-14 00:00:00.000000","status_str":"INTENTIONAL"},"detectionStatus":2,"detectedAt":"2020-07-11 00:00:00.000000","fixedAt":null,"bugPathLength":5,"details":"Path: func1() -> func2()","analyzerName":"CodeSonar","guidelines":[],"product":"mydemo"},{"runId":3,"checkerId":"0914","bugHash":"vai3bzu7br2oj23aravd5v2wa20w5fue","checkedFile":"src/example7.cpp","checkerMsg":" 仮定義が使用されています。可能であれば明示的な初期化子を記述して下さい。 ","reportId":835,"fileId":8,"line":21,"column":15,"severity":0,"reviewData":{"status":1,"comment":"これは確認済みの問題です","author":"siro sato@company.com","date":"2022-05-23 00:00:00.000000","status_str":"CONFIRMED"},"detectionStatus":1,"detectedAt":"2021-07-12 00:00:00.000000","fixedAt":"2023-12-17 00:00:00.000000","bugPathLength":3,"details":null,"analyzerName":"Clang-Tidy","guidelines":[],"product":"engine_control"},{"runId":8,"checkerId":"3200","bugHash":"byy2dw4jzqsc0prozst1cpbh2pojdr6s","checkedFile":"src/example8.h","checkerMsg":" 変数が使用される前に初期化されていません。 ","reportId":218,"fileId":790,"line":26,"column":42,"severity":30,"reviewData":{"status":2,"comment":"意図的な実装です","author":"taro yamada@company.com","date":"2025-05-13 00:00:00.000000","status_str":"FALSE_POSITIVE"},"detectionStatus":3,"detectedAt":"2021-03-28 00:00:00.000000","fixedAt":"2025-06-14 00:00:00.000000","bugPathLength":1,"details":"Path: func1() -> func2()","analyzerName":"Coverity","guidelines":[],"product":"mydemo"},{"runId":1,"checkerId":"2022","bugHash":"msn540us0up8wudjj5ykygl8v48meohd","checkedFile":"src/example93.cpp","checkerMsg":" [U] ソースファイルの末尾が改行文字で終了していません。 ","reportId":287,"fileId":706,"line":43,"column":11,"severity":30,"reviewData":{"status":1,"comment":"意図的な実装です","author":"jiro suzuki@companu.com","date":"2022-05-21 00:00:00.000000","status_str":"CONFIRMED"},"detectionStatus":3,"detectedAt":"2020-04-04 00:00:00.000000","fixedAt":null,"bugPathLength":3,"details":null,"analyzerName":"Clang-Tidy","guidelines":[],"product":"mydemo"},{"runId":10,"checkerId":"1900","bugHash":"qi7dtictoiyebf1lob6ri43iqahkeiii","checkedFile":"src/example28.hpp","checkerMsg":" 配列の境界チェックがされていません。 ","reportId":209,"fileId":942,"line":21,"column":31,"severity":30,"reviewData":{"status":3,"comment":"これは確認済みの問題です","author":"siro sato@company.com","date":"2021-08-14 00:00:00.000000","status_str":"INTENTIONAL"},"detectionStatus":2,"detectedAt":"2020-08-11 00:00:00.000000","fixedAt":null,"bugPathLength":3,"details":null,"analyzerName":"QAC","guidelines":[],"product":"car_project"},{"runId":2,"checkerId":"1303","bugHash":"mmyzf2lduhdztdtbvw6vwwnsjxluzhf4","checkedFile":"src/example9.h","checkerMsg":" 関数型の仮引数並びを空にすると、C++言語では異なる意味になります。 ","reportId":794,"fileId":629,"line":27,"column":78,"severity":10,"reviewData":{"status":3,"comment":"これは確認済みの問題です","author":"siro sato@company.com","date":"2025-08-17 00:00:00.000000","status_str":"INTENTIONAL"},"detectionStatus":2,"detectedAt":"2022-11-05 00:00:00.000000","fixedAt":null,"bugPathLength":3,"details":"Path: func1() -> func2()","analyzerName":"CodeSonar","guidelines":[],"product":"car_project"},{"runId":9,"checkerId":"1505","bugHash":"1ouleur1ivmoacrmdzqouwljkr0ocdfl","checkedFile":"src/example85.h","checkerMsg":" 配列の境界チェックがされていません。 ","reportId":152,"fileId":421,"line":50,"column":80,"severity":40,"reviewData":{"status":1,"comment":"","author":"jiro suzuki@companu.com","date":"2025-08-25 00:00:00.000000","status_str":"CONFIRMED"},"detectionStatus":3,"detectedAt":"2023-09-14 00:00:00.000000","fixedAt":null,"bugPathLength":1,"details":null,"analyzerName":"QAC","guidelines":[],"product":"car_project"},{"runId":8,"checkerId":"1505","bugHash":"arzuzfkwfibhslbwyyass5ivpn4c7gnl","checkedFile":"src/example66.hpp","checkerMsg":" 仮定義が使用されています。可能であれば明示的な初期化子を記述して下さい。 ","reportId":621,"fileId":372,"line":6,"column":37,"severity":30,"reviewData":{"status":3,"comment":"","author":"siro sato@company.com","date":"2023-03-27 00:00:00.000000","status_str":"INTENTIONAL"},"detectionStatus":1,"detectedAt":"2020-01-31 00:00:00.000000","fixedAt":null,"bugPathLength":4,"details":null,"analyzerName":"Coverity","guidelines":[],"product":"mydemo"},{"runId":7,"checkerId":"2022","bugHash":"kz5yqdbkudykqf4fdxzxso6ktn32xbiu","checkedFile":"src/example9.cpp","checkerMsg":" [U] ソースファイルの末尾が改行文字で終了していません。 ","reportId":384,"fileId":813,"line":8,"column":53,"severity":0,"reviewData":{"status":1,"comment":"これは確認済みの問題です","author":"taro yamada@company.com","date":"2025-10-06 00:00:00.000000","status_str":"CONFIRMED"},"detectionStatus":3,"detectedAt":"2025-08-26 00:00:00.000000","fixedAt":"2025-09-28 00:00:00.000000","bugPathLength":1,"details":null,"analyzerName":"CodeSonar","guidelines":[],"product":"car_project"},{"runId":1,"checkerId":"1303","bugHash":"wx0uoj03bpbujokali9xms2ywlslvbpu","checkedFile":"src/example14.h","checkerMsg":" 変数が使用される前に初期化されていません。 ","reportId":808,"fileId":229,"line":20,"column":23,"severity":20,"reviewData":{"status":2,"comment":"","author":"saburo tanaka@company.com","date":"2022-07-14 00:00:00.000000","status_str":"FALSE_POSITIVE"},"detectionStatus":1,"detectedAt":"2021-09-23 00:00:00.000000","fixedAt":"2024-07-24 00:00:00.000000","bugPathLength":3,"details":"Path: func1() -> func2()","analyzerName":"QAC","guidelines":[],"product":"car_project"},{"runId":6,"checkerId":"2022","bugHash":"odpulfohjv8pved6tun5mwh7tuecgy4s","checkedFile":"src/example36.h","checkerMsg":" [U] ソースファイルの末尾が改行文字で終了していません。 ","reportId":853,"fileId":40,"line":50,"column":27,"severity":0,"reviewData":{"status":1,"comment":"FalsePositive - 実際には問題ないコードです","author":"taro yamada@company.com","date":"2024-08-02 00:00:00.000000","status_str":"CONFIRMED"},"detectionStatus":2,"detectedAt":"2024-01-19 00:00:00.000000","fixedAt":null,"bugPathLength":1,"details":"Path: func1() -> func2()","analyzerName":"Coverity","guidelines":[],"product":"mydemo"},{"runId":1,"checkerId":"2022","bugHash":"hi8smrm7bok2707wftyfgantiu940qqs","checkedFile":"src/example86.cpp","checkerMsg":" 変数が使用される前に初期化されていません。 ","reportId":784,"fileId":592,"line":22,"column":63,"severity":0,"reviewData":{"status":3,"comment":"コーディング規約に違反しています","author":"jiro suzuki@companu.com","date":"2025-04-14 00:00:00.000000","status_str":"INTENTIONAL"},"detectionStatus":1,"detectedAt":"2024-10-18 00:00:00.000000","fixedAt":null,"bugPathLength":5,"details":"Path: func1() -> func2()","analyzerName":"Coverity","guidelines":[],"product":"mydemo"},{"runId":8,"checkerId":"0914","bugHash":"tn0rc0gwdkkxps3fkxugmtkuprkvyeaa","checkedFile":"src/example60.c","checkerMsg":" 変数が使用される前に初期化されていません。 ","reportId":999,"fileId":523,"line":45,"column":49,"severity":20,"reviewData":{"status":1,"comment":"コーディング規約に違反しています","author":"jiro suzuki@companu.com","date":"2022-04-27 00:00:00.000000","status_str":"CONFIRMED"},"detectionStatus":2,"detectedAt":"2021-12-17 00:00:00.000000","fixedAt":null,"bugPathLength":3,"details":null,"analyzerName":"Coverity","guidelines":[],"product":"engine_control"},{"runId":9,"checkerId":"1303","bugHash":"nicjre8lggeohz9iwmml1jp7ch0794bx","checkedFile":"src/example60.hpp","checkerMsg":" 配列の境界チェックがされていません。 ","reportId":108,"fileId":859,"line":25,"column":1,"severity":30,"reviewData":{"status":1,"comment":"FalsePositive - 実際には問題ないコードです","author":"saburo tanaka@company.com","date":"2024-12-04 00:00:00.000000","status_str":"CONFIRMED"},"detectionStatus":2,"detectedAt":"2021-08-19 00:00:00.000000","fixedAt":null,"bugPathLength":3,"details":null,"analyzerName":"Clang-Tidy","guidelines":[],"product":"safety_system"},{"runId":5,"checkerId":"0914","bugHash":"ci38al8io6y45igslnvjqxz4aasmai8b","checkedFile":"src/example40.h","checkerMsg":" 配列の境界チェックがされていません。 ","reportId":572,"fileId":431,"line":37,"column":16,"severity":20,"reviewData":{"status":2,"comment":"","author":"saburo tanaka@company.com","date":"2025-04-24 00:00:00.000000","status_str":"FALSE_POSITIVE"},"detectionStatus":1,"detectedAt":"2022-10-03 00:00:00.000000","fixedAt":null,"bugPathLength":4,"details":null,"analyzerName":"Coverity","guidelines":[],"product":"engine_control"},{"runId":4,"checkerId":"1303","bugHash":"k91vizhabzdzqik4oooyagelndjb46tu","checkedFile":"src/example26.cpp","checkerMsg":" [U] ソースファイルの末尾が改行文字で終了していません。 ","reportId":322,"fileId":245,"line":30,"column":16,"severity":40,"reviewData":{"status":1,"comment":"FalsePositive - 実際には問題ないコードです","author":"siro sato@company.com","date":"2023-06-23 00:00:00.000000","status_str":"CONFIRMED"},"detectionStatus":2,"detectedAt":"2022-02-12 00:00:00.000000","fixedAt":null,"bugPathLength":1,"details":null,"analyzerName":"CodeSonar","guidelines":[],"product":"engine_control"},{"runId":1,"checkerId":"1900","bugHash":"tbnrh04bpuxur0lvuiijejfusuuuxumw","checkedFile":"src/example95.cpp","checkerMsg":" 変数が使用される前に初期化されていません。 ","reportId":673,"fileId":773,"line":47,"column":38,"severity":0,"reviewData":{"status":1,"comment":"#Rule-1.3 違反","author":"jiro suzuki@companu.com","date":"2024-02-23 00:00:00.000000","status_str":"CONFIRMED"},"detectionStatus":3,"detectedAt":"2020-02-09 00:00:00.000000","fixedAt":null,"bugPathLength":1,"details":"Path: func1() -> func2()","analyzerName":"QAC","guidelines":[],"product":"mydemo"},{"runId":9,"checkerId":"1505","bugHash":"9qvjzndnzp2lzxf16f3jdneaswjvrmjq","checkedFile":"src/example91.c","checkerMsg":" 配列の境界チェックがされていません。 ","reportId":899,"fileId":411,"line":17,"column":69,"severity":20,"reviewData":{"status":3,"comment":"","author":"siro sato@company.com","date":"2021-07-29 00:00:00.000000","status_str":"INTENTIONAL"},"detectionStatus":1,"detectedAt":"2020-05-13 00:00:00.000000","fixedAt":null,"bugPathLength":2,"details":"Path: func1() -> func2()","analyzerName":"Coverity","guidelines":[],"product":"safety_system"},{"runId":6,"checkerId":"2022","bugHash":"j5ydvyeyzx6rmjh6h0uwleuql9b0twn6","checkedFile":"src/example22.h","checkerMsg":" [U] ソースファイルの末尾が改行文字で終了していません。 ","reportId":415,"fileId":259,"line":23,"column":51,"severity":20,"reviewData":{"status":3,"comment":"FalsePositive - 実際には問題ないコードです","author":"siro sato@company.com","date":"2025-05-06 00:00:00.000000","status_str":"INTENTIONAL"},"detectionStatus":1,"detectedAt":"2025-03-08 00:00:00.000000","fixedAt":"2025-05-01 00:00:00.000000","bugPathLength":1,"details":"Path: func1() -> func2()","analyzerName":"CodeSonar","guidelines":[],"product":"car_project"},{"runId":10,"checkerId":"1505","bugHash":"9jbc7yozao3rf0gyprehfy634uhwe9co","checkedFile":"src/example75.c","checkerMsg":" 仮定義が使用されています。可能であれば明示的な初期化子を記述して下さい。 ","reportId":620,"fileId":164,"line":46,"column":58,"severity":10,"reviewData":{"status":2,"comment":"コーディング規約に違反しています","author":"taro yamada@company.com","date":"2022-06-04 00:00:00.000000","status_str":"FALSE_POSITIVE"},"detectionStatus":2,"detectedAt":"2022-03-14 00:00:00.000000","fixedAt":"2023-04-30 00:00:00.000000","bugPathLength":5,"details":"Path: func1() -> func2()","analyzerName":"Clang-Tidy","guidelines":[],"product":"engine_control"},{"runId":3,"checkerId":"1900","bugHash":"23npamrsl2skoyglteftsbhah2w720tu","checkedFile":"src/example98.cpp","checkerMsg":" 関数型の仮引数並びを空にすると、C++言語では異なる意味になります。 ","reportId":258,"fileId":577,"line":8,"column":20,"severity":10,"reviewData":{"status":2,"comment":"","author":"taro yamada@company.com","date":"2025-04-06 00:00:00.000000","status_str":"FALSE_POSITIVE"},"detectionStatus":1,"detectedAt":"2021-12-27 00:00:00.000000","fixedAt":null,"bugPathLength":2,"details":"Path: func1() -> func2()","analyzerName":"CodeSonar","guidelines":[],"product":"engine_control"},{"runId":7,"checkerId":"1303","bugHash":"pfxqdzab5rbpvmif4wud5a2xzxzunsjb","checkedFile":"src/example59.c","checkerMsg":" 関数型の仮引数並びを空にすると、C++言語では異なる意味になります。 ","reportId":435,"fileId":245,"line":3,"column":36,"severity":10,"reviewData":{"status":2,"comment":"意図的な実装です","author":"saburo tanaka@company.com","date":"2024-09-17 00:00:00.000000","status_str":"FALSE_POSITIVE"},"detectionStatus":3,"detectedAt":"2024-06-18 00:00:00.000000","fixedAt":null,"bugPathLength":4,"details":null,"analyzerName":"CodeSonar","guidelines":[],"product":"mydemo"},{"runId":7,"checkerId":"1303","bugHash":"uaaac2tf4zfxwu8uvwbvqwoqshnmx60q","checkedFile":"src/example50.hpp","checkerMsg":" 仮定義が使用されています。可能であれば明示的な初期化子を記述して下さい。 ","reportId":486,"fileId":551,"line":7,"column":70,"severity":10,"reviewData":{"status":1,"comment":"","author":"saburo tanaka@company.com","date":"2021-09-19 00:00:00.000000","status_str":"CONFIRMED"},"detectionStatus":2,"detectedAt":"2021-04-23 00:00:00.000000","fixedAt":"2021-07-25 00:00:00.000000","bugPathLength":1,"details":null,"analyzerName":"QAC","guidelines":[],"product":"mydemo"},{"runId":9,"checkerId":"1303","bugHash":"0ii8x2p7pf2j9lzpdjdmczdllsjxbfqk","checkedFile":"src/example90.c","checkerMsg":" 仮定義が使用されています。可能であれば明示的な初期化子を記述して下さい。 ","reportId":778,"fileId":849,"line":43,"column":14,"severity":0,"reviewData":{"status":3,"comment":"コーディング規約に違反しています","author":"saburo tanaka@company.com","date":"2025-08-05 00:00:00.000000","status_str":"INTENTIONAL"},"detectionStatus":1,"detectedAt":"2022-03-21 00:00:00.000000","fixedAt":null,"bugPathLength":2,"details":null,"analyzerName":"Clang-Tidy","guidelines":[],"product":"mydemo"},{"runId":4,"checkerId":"2022","bugHash":"ktivjbiwwujhyguregmlpazf6i3nbmdg","checkedFile":"src/example36.c","checkerMsg":" 関数型の仮引数並びを空にすると、C++言語では異なる意味になります。 ","reportId":371,"fileId":214,"line":12,"column":60,"severity":10,"reviewData":{"status":2,"comment":"","author":"jiro suzuki@companu.com","date":"2025-06-21 00:00:00.000000","status_str":"FALSE_POSITIVE"},"detectionStatus":1,"detectedAt":"2025-06-10 00:00:00.000000","fixedAt":null,"bugPathLength":5,"details":null,"analyzerName":"CodeSonar","guidelines":[],"product":"engine_control"},{"runId":10,"checkerId":"1505","bugHash":"pbhifqxdtpyc5hmzdhryxtmmfggea0yx","checkedFile":"src/example28.hpp","checkerMsg":" 仮定義が使用されています。可能であれば明示的な初期化子を記述して下さい。 ","reportId":324,"fileId":360,"line":11,"column":1,"severity":20,"reviewData":{"status":1,"comment":"これは確認済みの問題です","author":"taro yamada@company.com","date":"2025-09-19 00:00:00.000000","status_str":"CONFIRMED"},"detectionStatus":3,"detectedAt":"2025-08-29 00:00:00.000000","fixedAt":null,"bugPathLength":1,"details":"Path: func1() -> func2()","analyzerName":"QAC","guidelines":[],"product":"mydemo"},{"runId":8,"checkerId":"1505","bugHash":"gbdecti0j6flqyc8x8wcxc7v6m1jvpkn","checkedFile":"src/example79.cpp","checkerMsg":" 仮定義が使用されています。可能であれば明示的な初期化子を記述して下さい。 ","reportId":687,"fileId":335,"line":22,"column":39,"severity":20,"reviewData":{"status":3,"comment":"","author":"jiro suzuki@companu.com","date":"2023-10-24 00:00:00.000000","status_str":"INTENTIONAL"},"detectionStatus":1,"detectedAt":"2022-09-15 00:00:00.000000","fixedAt":null,"bugPathLength":2,"details":null,"analyzerName":"Clang-Tidy","guidelines":[],"product":"mydemo"},{"runId":2,"checkerId":"1900","bugHash":"pcoqn6kyptvy9jktlmzoid59erkb5bcj","checkedFile":"src/example4.c","checkerMsg":" [U] ソースファイルの末尾が改行文字で終了していません。 ","reportId":677,"fileId":385,"line":27,"column":8,"severity":0,"reviewData":{"status":1,"comment":"コーディング規約に違反しています","author":"taro yamada@company.com","date":"2025-02-23 00:00:00.000000","status_str":"CONFIRMED"},"detectionStatus":3,"detectedAt":"2025-01-18 00:00:00.000000","fixedAt":"2025-08-17 00:00:00.000000","bugPathLength":5,"details":null,"analyzerName":"Coverity","guidelines":[],"product":"safety_system"},{"runId":9,"checkerId":"3200","bugHash":"pye2qxvcahsznzuiulo1bcdh7tunfrur","checkedFile":"src/example24.hpp","checkerMsg":" 配列の境界チェックがされていません。 ","reportId":672,"fileId":220,"line":7,"column":2,"severity":0,"reviewData":{"status":3,"comment":"","author":"taro yamada@company.com","date":"2023-12-02 00:00:00.000000","status_str":"INTENTIONAL"},"detectionStatus":2,"detectedAt":"2022-04-10 00:00:00.000000","fixedAt":"2022-11-13 00:00:00.000000","bugPathLength":3,"details":null,"analyzerName":"Clang-Tidy","guidelines":[],"product":"car_project"},{"runId":2,"checkerId":"1900","bugHash":"uv3pwuscsi9jngwmghj97ymmlmak9wc9","checkedFile":"src/example60.hpp","checkerMsg":" 配列の境界チェックがされていません。 ","reportId":723,"fileId":119,"line":46,"column":11,"severity":20,"reviewData":{"status":1,"comment":"意図的な実装です","author":"saburo tanaka@company.com","date":"2025-07-24 00:00:00.000000","status_str":"CONFIRMED"},"detectionStatus":2,"detectedAt":"2020-08-28 00:00:00.000000","fixedAt":null,"bugPathLength":3,"details":null,"analyzerName":"Clang-Tidy","guidelines":[],"product":"safety_system"},{"runId":3,"checkerId":"3200","bugHash":"m2uci1mawnzenexdoqbiicpfrp3zj31p","checkedFile":"src/example30.c","checkerMsg":" 変数が使用される前に初期化されていません。 ","reportId":550,"fileId":203,"line":1,"column":29,"severity":10,"reviewData":{"status":3,"comment":"FalsePositive - 実際には問題ないコードです","author":"siro sato@company.com","date":"2020-05-23 00:00:00.000000","status_str":"INTENTIONAL"},"detectionStatus":3,"detectedAt":"2020-02-20 00:00:00.000000","fixedAt":null,"bugPathLength":1,"details":null,"analyzerName":"CodeSonar","guidelines":[],"product":"car_project"},{"runId":9,"checkerId":"0940","bugHash":"igquyjpujm3ig4ygqac4njcylggqoeqg","checkedFile":"src/example4.cpp","checkerMsg":" 関数型の仮引数並びを空にすると、C++言語では異なる意味になります。 ","reportId":894,"fileId":487,"line":30,"column":60,"severity":0,"reviewData":{"status":2,"comment":"","author":"siro sato@company.com","date":"2025-07-02 00:00:00.000000","status_str":"FALSE_POSITIVE"},"detectionStatus":2,"detectedAt":"2025-01-31 00:00:00.000000","fixedAt":"2025-02-02 00:00:00.000000","bugPathLength":1,"details":null,"analyzerName":"QAC","guidelines":[],"product":"safety_system"},{"runId":3,"checkerId":"0940","bugHash":"iiraesjfjdbf5tfv8njpjdovbdgwknku","checkedFile":"src/example92.hpp","checkerMsg":" 仮定義が使用されています。可能であれば明示的な初期化子を記述して下さい。 ","reportId":316,"fileId":870,"line":24,"column":72,"severity":40,"reviewData":{"status":2,"comment":"意図的な実装です","author":"jiro suzuki@companu.com","date":"2025-01-19 00:00:00.000000","status_str":"FALSE_POSITIVE"},"detectionStatus":3,"detectedAt":"2024-01-06 00:00:00.000000","fixedAt":"2024-09-26 00:00:00.000000","bugPathLength":2,"details":null,"analyzerName":"QAC","guidelines":[],"product":"safety_system"},{"runId":6,"checkerId":"2120","bugHash":"ov9mac7az6cixomq53xrxjvsashgcxxn","checkedFile":"src/example42.c","checkerMsg":" [U] ソースファイルの末尾が改行文字で終了していません。 ","reportId":405,"fileId":501,"line":22,"column":41,"severity":10,"reviewData":{"status":2,"comment":"#Rule-1.3 違反","author":"taro yamada@company.com","date":"2025-08-15 00:00:00.000000","status_str":"FALSE_POSITIVE"},"detectionStatus":1,"detectedAt":"2024-01-22 00:00:00.000000","fixedAt":null,"bugPathLength":3,"details":null,"analyzerName":"QAC","guidelines":[],"product":"safety_system"},{"runId":4,"checkerId":"1505","bugHash":"epdnqyrlq87cqwnz9prh6gvii58mu2w0","checkedFile":"src/example18.h","checkerMsg":" 配列の境界チェックがされていません。 ","reportId":344,"fileId":4,"line":33,"column":80,"severity":20,"reviewData":{"status":1,"comment":"意図的な実装です","author":"saburo tanaka@company.com","date":"2025-08-15 00:00:00.000000","status_str":"CONFIRMED"},"detectionStatus":1,"detectedAt":"2025-01-07 00:00:00.000000","fixedAt":null,"bugPathLength":1,"details":null,"analyzerName":"Coverity","guidelines":[],"product":"mydemo"},{"runId":7,"checkerId":"3200","bugHash":"8oquolmspwk2ydbf1cjhhd0qpcsshyfw","checkedFile":"src/example72.c","checkerMsg":" 配列の境界チェックがされていません。 ","reportId":149,"fileId":183,"line":1,"column":63,"severity":30,"reviewData":{"status":3,"comment":"","author":"siro sato@company.com","date":"2022-11-13 00:00:00.000000","status_str":"INTENTIONAL"},"detectionStatus":3,"detectedAt":"2020-10-20 00:00:00.000000","fixedAt":null,"bugPathLength":4,"details":null,"analyzerName":"Clang-Tidy","guidelines":[],"product":"mydemo"},{"runId":9,"checkerId":"0914","bugHash":"gamutbnasreoejobtzni2nwfhohlahe5","checkedFile":"src/example47.h","checkerMsg":" 配列の境界チェックがされていません。 ","reportId":256,"fileId":736,"line":9,"column":16,"severity":0,"reviewData":{"status":3,"comment":"#Rule-1.3 違反","author":"taro yamada@company.com","date":"2025-09-07 00:00:00.000000","status_str":"INTENTIONAL"},"detectionStatus":3,"detectedAt":"2023-07-06 00:00:00.000000","fixedAt":"2024-12-26 00:00:00.000000","bugPathLength":2,"details":"Path: func1() -> func2()","analyzerName":"CodeSonar","guidelines":[],"product":"mydemo"},{"runId":7,"checkerId":"3200","bugHash":"kn4lkmvhflegj7jhlr3fyf8r4zhrshxk","checkedFile":"src/example21.c","checkerMsg":" 変数が使用される前に初期化されていません。 ","reportId":164,"fileId":533,"line":45,"column":19,"severity":20,"reviewData":{"status":3,"comment":"#Rule-1.3 違反","author":"jiro suzuki@companu.com","date":"2025-08-09 00:00:00.000000","status_str":"INTENTIONAL"},"detectionStatus":2,"detectedAt":"2025-05-20 00:00:00.000000","fixedAt":"2025-08-06 00:00:00.000000","bugPathLength":1,"details":"Path: func1() -> func2()","analyzerName":"QAC","guidelines":[],"product":"safety_system"},{"runId":4,"checkerId":"2120","bugHash":"ay0ars2y0eecrgesgjimbd3izfqozjyx","checkedFile":"src/example26.c","checkerMsg":" 関数型の仮引数並びを空にすると、C++言語では異なる意味になります。 ","reportId":438,"fileId":806,"line":43,"column":75,"severity":0,"reviewData":{"status":3,"comment":"コーディング規約に違反しています","author":"taro yamada@company.com","date":"2023-02-13 00:00:00.000000","status_str":"INTENTIONAL"},"detectionStatus":1,"detectedAt":"2021-06-26 00:00:00.000000","fixedAt":null,"bugPathLength":4,"details":null,"analyzerName":"CodeSonar","guidelines":[],"product":"engine_control"},{"runId":9,"checkerId":"1900","bugHash":"6n7j5qgbs3utlm8hxkiikjfn2qocklb2","checkedFile":"src/example34.hpp","checkerMsg":" 配列の境界チェックがされていません。 ","reportId":972,"fileId":873,"line":6,"column":35,"severity":40,"reviewData":{"status":3,"comment":"これは確認済みの問題です","author":"taro yamada@company.com","date":"2025-05-21 00:00:00.000000","status_str":"INTENTIONAL"},"detectionStatus":3,"detectedAt":"2024-11-01 00:00:00.000000","fixedAt":null,"bugPathLength":4,"details":"Path: func1() -> func2()","analyzerName":"Coverity","guidelines":[],"product":"mydemo"},{"runId":2,"checkerId":"1505","bugHash":"i0p4rn4nxnc4mwhn1pwydfigqq8sxalj","checkedFile":"src/example35.h","checkerMsg":" 関数型の仮引数並びを空にすると、C++言語では異なる意味になります。 ","reportId":807,"fileId":765,"line":20,"column":46,"severity":10,"reviewData":{"status":1,"comment":"意図的な実装です","author":"taro yamada@company.com","date":"2023-04-13 00:00:00.000000","status_str":"CONFIRMED"},"detectionStatus":3,"detectedAt":"2022-04-05 00:00:00.000000","fixedAt":null,"bugPathLength":5,"details":"Path: func1() -> func2()","analyzerName":"QAC","guidelines":[],"product":"mydemo"},{"runId":6,"checkerId":"2120","bugHash":"lsg4fqyww6zzh9ecclot7ccwsn6ptbgs","checkedFile":"src/example48.h","checkerMsg":" 関数型の仮引数並びを空にすると、C++言語では異なる意味になります。 ","reportId":249,"fileId":89,"line":39,"column":46,"severity":0,"reviewData":{"status":3,"comment":"FalsePositive - 実際には問題ないコードです","author":"jiro suzuki@companu.com","date":"2023-06-01 00:00:00.000000","status_str":"INTENTIONAL"},"detectionStatus":3,"detectedAt":"2022-09-25 00:00:00.000000","fixedAt":"2023-01-09 00:00:00.000000","bugPathLength":4,"details":"Path: func1() -> func2()","analyzerName":"Clang-Tidy","guidelines":[],"product":"car_project"}]