[{"runId":8,"checkerId":"2022","bugHash":"y4h2jm49wo3xpb8sk31e2zpcorepyoyv","checkedFile":"src/example65.cpp","checkerMsg":" 変数が使用される前に初期化されていません。 ","reportId":714,"fileId":944,"line":24,"column":58,"severity":0,"reviewData":{"status":1,"comment":"これは確認済みの問題です","author":"taro yamada@company.com","date":"2022-09-12 00:00:00.000000","status_str":"CONFIRMED"},"detectionStatus":1,"detectedAt":"2021-03-09 00:00:00.000000","fixedAt":null,"bugPathLength":3,"details":null,"analyzerName":"CodeSonar","guidelines":[],"product":"safety_system"},{"runId":5,"checkerId":"3200","bugHash":"rphlphy2lognfuxlcl6f9ughm9u2iprm","checkedFile":"src/example80.cpp","checkerMsg":" 関数型の仮引数並びを空にすると、C++言語では異なる意味になります。 ","reportId":814,"fileId":314,"line":39,"column":11,"severity":20,"reviewData":{"status":2,"comment":"意図的な実装です","author":"taro yamada@company.com","date":"2025-07-01 00:00:00.000000","status_str":"FALSE_POSITIVE"},"detectionStatus":3,"detectedAt":"2024-10-31 00:00:00.000000","fixedAt":"2025-06-18 00:00:00.000000","bugPathLength":4,"details":null,"analyzerName":"Clang-Tidy","guidelines":[],"product":"engine_control"},{"runId":5,"checkerId":"1505","bugHash":"y6vv5mtr77cdrqsdytf7fc7skvqha6uu","checkedFile":"src/example34.c","checkerMsg":" 仮定義が使用されています。可能であれば明示的な初期化子を記述して下さい。 ","reportId":736,"fileId":80,"line":29,"column":33,"severity":10,"reviewData":{"status":1,"comment":"これは確認済みの問題です","author":"jiro suzuki@companu.com","date":"2025-06-30 00:00:00.000000","status_str":"CONFIRMED"},"detectionStatus":2,"detectedAt":"2024-12-17 00:00:00.000000","fixedAt":null,"bugPathLength":3,"details":null,"analyzerName":"QAC","guidelines":[],"product":"mydemo"},{"runId":10,"checkerId":"1505","bugHash":"blot36lykxrsbwuhxsvrq9cavznlpezf","checkedFile":"src/example50.hpp","checkerMsg":" 仮定義が使用されています。可能であれば明示的な初期化子を記述して下さい。 ","reportId":882,"fileId":979,"line":45,"column":57,"severity":40,"reviewData":{"status":2,"comment":"","author":"taro yamada@company.com","date":"2025-04-05 00:00:00.000000","status_str":"FALSE_POSITIVE"},"detectionStatus":3,"detectedAt":"2025-01-17 00:00:00.000000","fixedAt":null,"bugPathLength":5,"details":"Path: func1() -> func2()","analyzerName":"QAC","guidelines":[],"product":"mydemo"},{"runId":9,"checkerId":"1505","bugHash":"vhqt3sajfxcyulwibj7rd8wzbk37fvz1","checkedFile":"src/example31.c","checkerMsg":" 仮定義が使用されています。可能であれば明示的な初期化子を記述して下さい。 ","reportId":263,"fileId":471,"line":4,"column":51,"severity":20,"reviewData":{"status":3,"comment":"","author":"siro sato@company.com","date":"2025-07-04 00:00:00.000000","status_str":"INTENTIONAL"},"detectionStatus":3,"detectedAt":"2024-02-08 00:00:00.000000","fixedAt":null,"bugPathLength":3,"details":null,"analyzerName":"CodeSonar","guidelines":[],"product":"engine_control"},{"runId":3,"checkerId":"2120","bugHash":"twlaz8sv9hmlsyllptmthonu71g3kq4a","checkedFile":"src/example90.h","checkerMsg":" 関数型の仮引数並びを空にすると、C++言語では異なる意味になります。 ","reportId":601,"fileId":783,"line":49,"column":21,"severity":30,"reviewData":{"status":3,"comment":"意図的な実装です","author":"saburo tanaka@company.com","date":"2022-10-08 00:00:00.000000","status_str":"INTENTIONAL"},"detectionStatus":1,"detectedAt":"2021-08-07 00:00:00.000000","fixedAt":"2023-04-19 00:00:00.000000","bugPathLength":3,"details":"Path: func1() -> func2()","analyzerName":"Coverity","guidelines":[],"product":"mydemo"},{"runId":7,"checkerId":"1303","bugHash":"nyvaafkdjjhetyfkq82q3vlbllapljcm","checkedFile":"src/example67.c","checkerMsg":" 仮定義が使用されています。可能であれば明示的な初期化子を記述して下さい。 ","reportId":660,"fileId":73,"line":14,"column":20,"severity":40,"reviewData":{"status":2,"comment":"","author":"siro sato@company.com","date":"2020-12-05 00:00:00.000000","status_str":"FALSE_POSITIVE"},"detectionStatus":2,"detectedAt":"2020-09-28 00:00:00.000000","fixedAt":null,"bugPathLength":5,"details":null,"analyzerName":"Coverity","guidelines":[],"product":"safety_system"},{"runId":5,"checkerId":"1900","bugHash":"g9rgzrarklq2ivwshakq0iizklmvrzn3","checkedFile":"src/example25.cpp","checkerMsg":" 変数が使用される前に初期化されていません。 ","reportId":730,"fileId":109,"line":29,"column":71,"severity":30,"reviewData":{"status":1,"comment":"","author":"saburo tanaka@company.com","date":"2022-08-31 00:00:00.000000","status_str":"CONFIRMED"},"detectionStatus":1,"detectedAt":"2020-05-18 00:00:00.000000","fixedAt":null,"bugPathLength":4,"details":"Path: func1() -> func2()","analyzerName":"CodeSonar","guidelines":[],"product":"safety_system"},{"runId":5,"checkerId":"3200","bugHash":"fqwqejjc6sdzlmfekkvl2ukfry1lkmc2","checkedFile":"src/example93.c","checkerMsg":" 関数型の仮引数並びを空にすると、C++言語では異なる意味になります。 ","reportId":818,"fileId":530,"line":17,"column":67,"severity":10,"reviewData":{"status":1,"comment":"コーディング規約に違反しています","author":"saburo tanaka@company.com","date":"2023-12-15 00:00:00.000000","status_str":"CONFIRMED"},"detectionStatus":1,"detectedAt":"2021-01-03 00:00:00.000000","fixedAt":null,"bugPathLength":3,"details":"Path: func1() -> func2()","analyzerName":"Clang-Tidy","guidelines":[],"product":"engine_control"},{"runId":7,"checkerId":"3200","bugHash":"ipyrosfru8z6131kncwnkk0tfe51kzpk","checkedFile":"src/example35.hpp","checkerMsg":" [U] ソースファイルの末尾が改行文字で終了していません。 ","reportId":318,"fileId":424,"line":43,"column":72,"severity":30,"reviewData":{"status":1,"comment":"","author":"siro sato@company.com","date":"2022-04-14 00:00:00.000000","status_str":"CONFIRMED"},"detectionStatus":3,"detectedAt":"2020-10-21 00:00:00.000000","fixedAt":null,"bugPathLength":3,"details":"Path: func1() -> func2()","analyzerName":"CodeSonar","guidelines":[],"product":"safety_system"},{"runId":1,"checkerId":"0914","bugHash":"hdodrotrubns1ugecbajn9x3nx6zvzno","checkedFile":"src/example93.c","checkerMsg":" 配列の境界チェックがされていません。 ","reportId":821,"fileId":341,"line":42,"column":48,"severity":10,"reviewData":{"status":1,"comment":"","author":"siro sato@company.com","date":"2024-01-21 00:00:00.000000","status_str":"CONFIRMED"},"detectionStatus":2,"detectedAt":"2020-04-18 00:00:00.000000","fixedAt":null,"bugPathLength":4,"details":"Path: func1() -> func2()","analyzerName":"CodeSonar","guidelines":[],"product":"car_project"},{"runId":7,"checkerId":"1900","bugHash":"6ei2hjdgknmfovrgc0gd3feygukidnzm","checkedFile":"src/example2.c","checkerMsg":" 仮定義が使用されています。可能であれば明示的な初期化子を記述して下さい。 ","reportId":658,"fileId":788,"line":1,"column":9,"severity":40,"reviewData":{"status":1,"comment":"コーディング規約に違反しています","author":"taro yamada@company.com","date":"2025-03-07 00:00:00.000000","status_str":"CONFIRMED"},"detectionStatus":3,"detectedAt":"2021-06-11 00:00:00.000000","fixedAt":null,"bugPathLength":3,"details":null,"analyzerName":"CodeSonar","guidelines":[],"product":"engine_control"},{"runId":8,"checkerId":"1900","bugHash":"n5fpwtnk7dezajonys71675bdhxu0bx6","checkedFile":"src/example17.h","checkerMsg":" 仮定義が使用されています。可能であれば明示的な初期化子を記述して下さい。 ","reportId":397,"fileId":560,"line":33,"column":78,"severity":10,"reviewData":{"status":3,"comment":"意図的な実装です","author":"saburo tanaka@company.com","date":"2021-05-04 00:00:00.000000","status_str":"INTENTIONAL"},"detectionStatus":3,"detectedAt":"2020-07-13 00:00:00.000000","fixedAt":"2022-01-25 00:00:00.000000","bugPathLength":2,"details":"Path: func1() -> func2()","analyzerName":"CodeSonar","guidelines":[],"product":"engine_control"},{"runId":9,"checkerId":"1900","bugHash":"u6de18tzmmddhynpdg8pedto43jbhxuv","checkedFile":"src/example39.hpp","checkerMsg":" [U] ソースファイルの末尾が改行文字で終了していません。 ","reportId":969,"fileId":106,"line":40,"column":19,"severity":30,"reviewData":{"status":2,"comment":"FalsePositive - 実際には問題ないコードです","author":"jiro suzuki@companu.com","date":"2025-09-08 00:00:00.000000","status_str":"FALSE_POSITIVE"},"detectionStatus":1,"detectedAt":"2024-03-19 00:00:00.000000","fixedAt":null,"bugPathLength":4,"details":null,"analyzerName":"Clang-Tidy","guidelines":[],"product":"mydemo"},{"runId":5,"checkerId":"3200","bugHash":"ji8ez8zckjwuq3qwrsgnvu9nmsqbh4ul","checkedFile":"src/example23.cpp","checkerMsg":" 仮定義が使用されています。可能であれば明示的な初期化子を記述して下さい。 ","reportId":842,"fileId":620,"line":15,"column":8,"severity":20,"reviewData":{"status":3,"comment":"#Rule-1.3 違反","author":"siro sato@company.com","date":"2024-06-09 00:00:00.000000","status_str":"INTENTIONAL"},"detectionStatus":1,"detectedAt":"2024-01-02 00:00:00.000000","fixedAt":null,"bugPathLength":1,"details":"Path: func1() -> func2()","analyzerName":"Clang-Tidy","guidelines":[],"product":"engine_control"},{"runId":1,"checkerId":"1505","bugHash":"v24brca6kaxaxa25qx9xdjozhcwcm1tu","checkedFile":"src/example32.cpp","checkerMsg":" 関数型の仮引数並びを空にすると、C++言語では異なる意味になります。 ","reportId":296,"fileId":950,"line":31,"column":53,"severity":30,"reviewData":{"status":3,"comment":"コーディング規約に違反しています","author":"siro sato@company.com","date":"2022-03-13 00:00:00.000000","status_str":"INTENTIONAL"},"detectionStatus":3,"detectedAt":"2022-03-12 00:00:00.000000","fixedAt":"2023-04-01 00:00:00.000000","bugPathLength":2,"details":"Path: func1() -> func2()","analyzerName":"Clang-Tidy","guidelines":[],"product":"engine_control"},{"runId":5,"checkerId":"0940","bugHash":"lqeduwgcusccltr1rpcya5uaahwak3kx","checkedFile":"src/example73.cpp","checkerMsg":" [U] ソースファイルの末尾が改行文字で終了していません。 ","reportId":145,"fileId":145,"line":36,"column":55,"severity":20,"reviewData":{"status":2,"comment":"#Rule-1.3 違反","author":"taro yamada@company.com","date":"2025-06-23 00:00:00.000000","status_str":"FALSE_POSITIVE"},"detectionStatus":3,"detectedAt":"2024-08-08 00:00:00.000000","fixedAt":null,"bugPathLength":2,"details":null,"analyzerName":"Clang-Tidy","guidelines":[],"product":"engine_control"},{"runId":4,"checkerId":"1900","bugHash":"qv9zfmcyay2tfszwarkdirofjqsdimng","checkedFile":"src/example13.cpp","checkerMsg":" [U] ソースファイルの末尾が改行文字で終了していません。 ","reportId":753,"fileId":397,"line":36,"column":42,"severity":20,"reviewData":{"status":1,"comment":"意図的な実装です","author":"jiro suzuki@companu.com","date":"2025-08-09 00:00:00.000000","status_str":"CONFIRMED"},"detectionStatus":3,"detectedAt":"2025-08-06 00:00:00.000000","fixedAt":"2025-08-12 00:00:00.000000","bugPathLength":3,"details":null,"analyzerName":"CodeSonar","guidelines":[],"product":"engine_control"},{"runId":8,"checkerId":"3200","bugHash":"1ekrmdjxqbmwk966mnlaaftmrtrivzbz","checkedFile":"src/example33.c","checkerMsg":" [U] ソースファイルの末尾が改行文字で終了していません。 ","reportId":936,"fileId":286,"line":3,"column":47,"severity":0,"reviewData":{"status":1,"comment":"","author":"jiro suzuki@companu.com","date":"2025-09-26 00:00:00.000000","status_str":"CONFIRMED"},"detectionStatus":1,"detectedAt":"2025-05-20 00:00:00.000000","fixedAt":null,"bugPathLength":1,"details":"Path: func1() -> func2()","analyzerName":"Coverity","guidelines":[],"product":"safety_system"},{"runId":2,"checkerId":"2120","bugHash":"hfw1zs3pjglw60u9c5nkhz4bq6umephj","checkedFile":"src/example23.h","checkerMsg":" 仮定義が使用されています。可能であれば明示的な初期化子を記述して下さい。 ","reportId":850,"fileId":93,"line":41,"column":16,"severity":0,"reviewData":{"status":2,"comment":"意図的な実装です","author":"saburo tanaka@company.com","date":"2020-05-01 00:00:00.000000","status_str":"FALSE_POSITIVE"},"detectionStatus":1,"detectedAt":"2020-01-10 00:00:00.000000","fixedAt":"2021-09-04 00:00:00.000000","bugPathLength":3,"details":"Path: func1() -> func2()","analyzerName":"CodeSonar","guidelines":[],"product":"car_project"},{"runId":6,"checkerId":"0914","bugHash":"yeddotfp0klv1vb8krdcieonryu4jzgm","checkedFile":"src/example4.hpp","checkerMsg":" 変数が使用される前に初期化されていません。 ","reportId":479,"fileId":928,"line":18,"column":62,"severity":20,"reviewData":{"status":1,"comment":"#Rule-1.3 違反","author":"taro yamada@company.com","date":"2024-11-18 00:00:00.000000","status_str":"CONFIRMED"},"detectionStatus":2,"detectedAt":"2024-06-12 00:00:00.000000","fixedAt":"2025-04-04 00:00:00.000000","bugPathLength":5,"details":"Path: func1() -> func2()","analyzerName":"CodeSonar","guidelines":[],"product":"mydemo"},{"runId":8,"checkerId":"3200","bugHash":"bits6dljlzyuqht75em4u0bylxjlk29z","checkedFile":"src/example51.cpp","checkerMsg":" [U] ソースファイルの末尾が改行文字で終了していません。 ","reportId":744,"fileId":708,"line":40,"column":70,"severity":10,"reviewData":{"status":1,"comment":"意図的な実装です","author":"siro sato@company.com","date":"2025-06-01 00:00:00.000000","status_str":"CONFIRMED"},"detectionStatus":1,"detectedAt":"2021-09-21 00:00:00.000000","fixedAt":null,"bugPathLength":1,"details":null,"analyzerName":"CodeSonar","guidelines":[],"product":"safety_system"},{"runId":2,"checkerId":"0914","bugHash":"rbkeq4u4qmubkyfwtgdonk9bdjwr1ajh","checkedFile":"src/example64.cpp","checkerMsg":" 配列の境界チェックがされていません。 ","reportId":993,"fileId":614,"line":22,"column":16,"severity":40,"reviewData":{"status":3,"comment":"FalsePositive - 実際には問題ないコードです","author":"siro sato@company.com","date":"2025-07-15 00:00:00.000000","status_str":"INTENTIONAL"},"detectionStatus":1,"detectedAt":"2021-09-15 00:00:00.000000","fixedAt":null,"bugPathLength":4,"details":"Path: func1() -> func2()","analyzerName":"Clang-Tidy","guidelines":[],"product":"mydemo"},{"runId":10,"checkerId":"0940","bugHash":"8py9q2hnpjcg8vt3tssmmyvzxh8xmqiv","checkedFile":"src/example16.cpp","checkerMsg":" [U] ソースファイルの末尾が改行文字で終了していません。 ","reportId":596,"fileId":742,"line":45,"column":44,"severity":20,"reviewData":{"status":3,"comment":"#Rule-1.3 違反","author":"taro yamada@company.com","date":"2025-05-30 00:00:00.000000","status_str":"INTENTIONAL"},"detectionStatus":1,"detectedAt":"2024-12-28 00:00:00.000000","fixedAt":null,"bugPathLength":5,"details":null,"analyzerName":"Clang-Tidy","guidelines":[],"product":"car_project"},{"runId":8,"checkerId":"1303","bugHash":"difc4lmyxwqorjdhomaxnj0nj5lbiw9n","checkedFile":"src/example52.cpp","checkerMsg":" 仮定義が使用されています。可能であれば明示的な初期化子を記述して下さい。 ","reportId":182,"fileId":999,"line":27,"column":34,"severity":20,"reviewData":{"status":2,"comment":"コーディング規約に違反しています","author":"siro sato@company.com","date":"2021-11-09 00:00:00.000000","status_str":"FALSE_POSITIVE"},"detectionStatus":2,"detectedAt":"2021-05-05 00:00:00.000000","fixedAt":null,"bugPathLength":4,"details":null,"analyzerName":"CodeSonar","guidelines":[],"product":"mydemo"},{"runId":8,"checkerId":"0914","bugHash":"z20npsb7ydcmk8yrm8auc0ghmkuz1vsi","checkedFile":"src/example49.cpp","checkerMsg":" [U] ソースファイルの末尾が改行文字で終了していません。 ","reportId":392,"fileId":165,"line":29,"column":46,"severity":10,"reviewData":{"status":1,"comment":"#Rule-1.3 違反","author":"siro sato@company.com","date":"2023-01-01 00:00:00.000000","status_str":"CONFIRMED"},"detectionStatus":3,"detectedAt":"2020-01-03 00:00:00.000000","fixedAt":null,"bugPathLength":2,"details":"Path: func1() -> func2()","analyzerName":"CodeSonar","guidelines":[],"product":"engine_control"},{"runId":7,"checkerId":"0914","bugHash":"0ua8qoicloxdhpl78aei6gyebryt2ink","checkedFile":"src/example56.h","checkerMsg":" 配列の境界チェックがされていません。 ","reportId":134,"fileId":579,"line":9,"column":9,"severity":30,"reviewData":{"status":2,"comment":"これは確認済みの問題です","author":"siro sato@company.com","date":"2025-07-10 00:00:00.000000","status_str":"FALSE_POSITIVE"},"detectionStatus":1,"detectedAt":"2025-01-27 00:00:00.000000","fixedAt":null,"bugPathLength":1,"details":"Path: func1() -> func2()","analyzerName":"QAC","guidelines":[],"product":"safety_system"},{"runId":2,"checkerId":"3200","bugHash":"laof3jr4ubppyodt68kiucoov7dymank","checkedFile":"src/example81.c","checkerMsg":" 変数が使用される前に初期化されていません。 ","reportId":442,"fileId":595,"line":20,"column":32,"severity":30,"reviewData":{"status":1,"comment":"","author":"saburo tanaka@company.com","date":"2025-01-06 00:00:00.000000","status_str":"CONFIRMED"},"detectionStatus":3,"detectedAt":"2023-06-24 00:00:00.000000","fixedAt":null,"bugPathLength":2,"details":"Path: func1() -> func2()","analyzerName":"Coverity","guidelines":[],"product":"car_project"}]