[{"runId":3,"checkerId":"2022","bugHash":"8jchdaggjo0x1uasarxr70cdcxautb3a","checkedFile":"src/example4.h","checkerMsg":" 仮定義が使用されています。可能であれば明示的な初期化子を記述して下さい。 ","reportId":535,"fileId":786,"line":1,"column":30,"severity":0,"reviewData":{"status":1,"comment":"#Rule-1.3 違反","author":"saburo tanaka@company.com","date":"2024-10-07 00:00:00.000000","status_str":"CONFIRMED"},"detectionStatus":3,"detectedAt":"2023-12-11 00:00:00.000000","fixedAt":null,"bugPathLength":3,"details":null,"analyzerName":"CodeSonar","guidelines":[],"product":"car_project"},{"runId":3,"checkerId":"0914","bugHash":"ohdbhhoyvconjrjbjzfr4ibgrjf9dgvy","checkedFile":"src/example13.c","checkerMsg":" 仮定義が使用されています。可能であれば明示的な初期化子を記述して下さい。 ","reportId":949,"fileId":100,"line":39,"column":42,"severity":0,"reviewData":{"status":2,"comment":"#Rule-1.3 違反","author":"saburo tanaka@company.com","date":"2025-06-18 00:00:00.000000","status_str":"FALSE_POSITIVE"},"detectionStatus":2,"detectedAt":"2024-09-27 00:00:00.000000","fixedAt":null,"bugPathLength":3,"details":null,"analyzerName":"Coverity","guidelines":[],"product":"safety_system"},{"runId":7,"checkerId":"0914","bugHash":"tlcc8bty9eckw9txjmfy5epbyn2gnapp","checkedFile":"src/example7.cpp","checkerMsg":" [U] ソースファイルの末尾が改行文字で終了していません。 ","reportId":899,"fileId":348,"line":17,"column":30,"severity":40,"reviewData":{"status":3,"comment":"意図的な実装です","author":"taro yamada@company.com","date":"2025-08-24 00:00:00.000000","status_str":"INTENTIONAL"},"detectionStatus":3,"detectedAt":"2023-10-16 00:00:00.000000","fixedAt":"2025-04-15 00:00:00.000000","bugPathLength":5,"details":"Path: func1() -> func2()","analyzerName":"QAC","guidelines":[],"product":"mydemo"},{"runId":10,"checkerId":"1505","bugHash":"8hazhhgugdtetujmpaiezjftmmptsgm7","checkedFile":"src/example89.c","checkerMsg":" 関数型の仮引数並びを空にすると、C++言語では異なる意味になります。 ","reportId":184,"fileId":471,"line":4,"column":26,"severity":30,"reviewData":{"status":2,"comment":"これは確認済みの問題です","author":"jiro suzuki@companu.com","date":"2024-09-01 00:00:00.000000","status_str":"FALSE_POSITIVE"},"detectionStatus":2,"detectedAt":"2024-02-04 00:00:00.000000","fixedAt":null,"bugPathLength":2,"details":"Path: func1() -> func2()","analyzerName":"Coverity","guidelines":[],"product":"car_project"},{"runId":5,"checkerId":"2120","bugHash":"qpaa5wyibihr6txybx3tuyrweq6bbmtc","checkedFile":"src/example62.hpp","checkerMsg":" [U] ソースファイルの末尾が改行文字で終了していません。 ","reportId":377,"fileId":554,"line":33,"column":47,"severity":40,"reviewData":{"status":2,"comment":"コーディング規約に違反しています","author":"siro sato@company.com","date":"2024-02-04 00:00:00.000000","status_str":"FALSE_POSITIVE"},"detectionStatus":1,"detectedAt":"2022-02-03 00:00:00.000000","fixedAt":null,"bugPathLength":4,"details":null,"analyzerName":"Coverity","guidelines":[],"product":"engine_control"},{"runId":8,"checkerId":"3200","bugHash":"jkbssqacblbi43mkewnf2cb1buyles7l","checkedFile":"src/example23.c","checkerMsg":" 仮定義が使用されています。可能であれば明示的な初期化子を記述して下さい。 ","reportId":962,"fileId":271,"line":38,"column":61,"severity":30,"reviewData":{"status":3,"comment":"","author":"saburo tanaka@company.com","date":"2025-08-16 00:00:00.000000","status_str":"INTENTIONAL"},"detectionStatus":3,"detectedAt":"2024-08-11 00:00:00.000000","fixedAt":"2025-06-08 00:00:00.000000","bugPathLength":4,"details":"Path: func1() -> func2()","analyzerName":"Coverity","guidelines":[],"product":"engine_control"},{"runId":2,"checkerId":"2120","bugHash":"g4agxagukmwco8veh6sxqc8w9mjlfrcq","checkedFile":"src/example65.c","checkerMsg":" 配列の境界チェックがされていません。 ","reportId":671,"fileId":559,"line":40,"column":61,"severity":30,"reviewData":{"status":2,"comment":"意図的な実装です","author":"saburo tanaka@company.com","date":"2023-11-17 00:00:00.000000","status_str":"FALSE_POSITIVE"},"detectionStatus":2,"detectedAt":"2023-08-08 00:00:00.000000","fixedAt":"2024-10-23 00:00:00.000000","bugPathLength":5,"details":"Path: func1() -> func2()","analyzerName":"CodeSonar","guidelines":[],"product":"car_project"},{"runId":9,"checkerId":"1505","bugHash":"rygek6oy9bphlo5tmatdzaqeyepnr9ng","checkedFile":"src/example27.hpp","checkerMsg":" [U] ソースファイルの末尾が改行文字で終了していません。 ","reportId":672,"fileId":439,"line":44,"column":59,"severity":0,"reviewData":{"status":3,"comment":"#Rule-1.3 違反","author":"saburo tanaka@company.com","date":"2021-03-25 00:00:00.000000","status_str":"INTENTIONAL"},"detectionStatus":1,"detectedAt":"2021-01-10 00:00:00.000000","fixedAt":null,"bugPathLength":1,"details":"Path: func1() -> func2()","analyzerName":"Clang-Tidy","guidelines":[],"product":"car_project"},{"runId":8,"checkerId":"0940","bugHash":"gamnugu2tlj8gdlpphi3yjaf8jjt2led","checkedFile":"src/example36.c","checkerMsg":" 配列の境界チェックがされていません。 ","reportId":443,"fileId":276,"line":33,"column":16,"severity":20,"reviewData":{"status":3,"comment":"これは確認済みの問題です","author":"jiro suzuki@companu.com","date":"2025-06-06 00:00:00.000000","status_str":"INTENTIONAL"},"detectionStatus":2,"detectedAt":"2023-08-28 00:00:00.000000","fixedAt":null,"bugPathLength":4,"details":"Path: func1() -> func2()","analyzerName":"CodeSonar","guidelines":[],"product":"mydemo"},{"runId":10,"checkerId":"0914","bugHash":"mhfvopkz5myfdm4pdix9hsz0qym5q5i7","checkedFile":"src/example33.cpp","checkerMsg":" [U] ソースファイルの末尾が改行文字で終了していません。 ","reportId":278,"fileId":193,"line":12,"column":20,"severity":30,"reviewData":{"status":1,"comment":"これは確認済みの問題です","author":"jiro suzuki@companu.com","date":"2023-06-28 00:00:00.000000","status_str":"CONFIRMED"},"detectionStatus":2,"detectedAt":"2020-09-24 00:00:00.000000","fixedAt":"2022-10-15 00:00:00.000000","bugPathLength":2,"details":"Path: func1() -> func2()","analyzerName":"CodeSonar","guidelines":[],"product":"mydemo"},{"runId":7,"checkerId":"3200","bugHash":"c6q0b9nyviuq5ndltvdm1dwl4arnftaj","checkedFile":"src/example74.c","checkerMsg":" 配列の境界チェックがされていません。 ","reportId":817,"fileId":461,"line":43,"column":65,"severity":10,"reviewData":{"status":3,"comment":"FalsePositive - 実際には問題ないコードです","author":"jiro suzuki@companu.com","date":"2024-02-15 00:00:00.000000","status_str":"INTENTIONAL"},"detectionStatus":1,"detectedAt":"2023-06-02 00:00:00.000000","fixedAt":null,"bugPathLength":5,"details":null,"analyzerName":"CodeSonar","guidelines":[],"product":"engine_control"},{"runId":7,"checkerId":"1505","bugHash":"e7rzwqvka4mdrxyeuirdqjgpvaxvnjet","checkedFile":"src/example32.cpp","checkerMsg":" 配列の境界チェックがされていません。 ","reportId":561,"fileId":406,"line":3,"column":53,"severity":0,"reviewData":{"status":2,"comment":"","author":"siro sato@company.com","date":"2025-07-07 00:00:00.000000","status_str":"FALSE_POSITIVE"},"detectionStatus":1,"detectedAt":"2021-11-16 00:00:00.000000","fixedAt":null,"bugPathLength":5,"details":null,"analyzerName":"QAC","guidelines":[],"product":"mydemo"},{"runId":4,"checkerId":"0914","bugHash":"wvmmpu11mpnqx7ubu5rgiuuf7xj24r9c","checkedFile":"src/example3.h","checkerMsg":" [U] ソースファイルの末尾が改行文字で終了していません。 ","reportId":628,"fileId":73,"line":43,"column":48,"severity":10,"reviewData":{"status":2,"comment":"","author":"taro yamada@company.com","date":"2024-01-25 00:00:00.000000","status_str":"FALSE_POSITIVE"},"detectionStatus":3,"detectedAt":"2021-12-29 00:00:00.000000","fixedAt":"2024-12-30 00:00:00.000000","bugPathLength":3,"details":"Path: func1() -> func2()","analyzerName":"CodeSonar","guidelines":[],"product":"safety_system"},{"runId":7,"checkerId":"1505","bugHash":"hopt8r9li8rfw4sqquo3ihaqh5q1gnm7","checkedFile":"src/example6.cpp","checkerMsg":" 仮定義が使用されています。可能であれば明示的な初期化子を記述して下さい。 ","reportId":481,"fileId":97,"line":18,"column":38,"severity":30,"reviewData":{"status":2,"comment":"","author":"siro sato@company.com","date":"2025-09-02 00:00:00.000000","status_str":"FALSE_POSITIVE"},"detectionStatus":2,"detectedAt":"2023-10-14 00:00:00.000000","fixedAt":null,"bugPathLength":5,"details":"Path: func1() -> func2()","analyzerName":"Coverity","guidelines":[],"product":"mydemo"},{"runId":8,"checkerId":"2120","bugHash":"jdeevbiyyv6iwozyd3gg3w4fvp5l0zgh","checkedFile":"src/example36.h","checkerMsg":" 配列の境界チェックがされていません。 ","reportId":674,"fileId":536,"line":24,"column":54,"severity":20,"reviewData":{"status":2,"comment":"","author":"siro sato@company.com","date":"2024-07-22 00:00:00.000000","status_str":"FALSE_POSITIVE"},"detectionStatus":1,"detectedAt":"2021-05-13 00:00:00.000000","fixedAt":null,"bugPathLength":1,"details":null,"analyzerName":"Clang-Tidy","guidelines":[],"product":"mydemo"},{"runId":5,"checkerId":"1900","bugHash":"vynpeeczm18neyek1usokxs6jamyhtjz","checkedFile":"src/example37.c","checkerMsg":" [U] ソースファイルの末尾が改行文字で終了していません。 ","reportId":475,"fileId":125,"line":35,"column":45,"severity":10,"reviewData":{"status":1,"comment":"コーディング規約に違反しています","author":"taro yamada@company.com","date":"2023-06-25 00:00:00.000000","status_str":"CONFIRMED"},"detectionStatus":2,"detectedAt":"2020-07-01 00:00:00.000000","fixedAt":null,"bugPathLength":3,"details":"Path: func1() -> func2()","analyzerName":"QAC","guidelines":[],"product":"car_project"},{"runId":6,"checkerId":"1900","bugHash":"ixfmfhk3bragelifzfghnf70incthmep","checkedFile":"src/example50.cpp","checkerMsg":" [U] ソースファイルの末尾が改行文字で終了していません。 ","reportId":668,"fileId":928,"line":13,"column":14,"severity":0,"reviewData":{"status":1,"comment":"これは確認済みの問題です","author":"taro yamada@company.com","date":"2025-06-25 00:00:00.000000","status_str":"CONFIRMED"},"detectionStatus":1,"detectedAt":"2025-04-26 00:00:00.000000","fixedAt":null,"bugPathLength":2,"details":"Path: func1() -> func2()","analyzerName":"QAC","guidelines":[],"product":"safety_system"},{"runId":9,"checkerId":"2022","bugHash":"5qqx9ivozqtima07ukduaxegxq4t4eq5","checkedFile":"src/example51.cpp","checkerMsg":" [U] ソースファイルの末尾が改行文字で終了していません。 ","reportId":140,"fileId":978,"line":48,"column":4,"severity":40,"reviewData":{"status":2,"comment":"これは確認済みの問題です","author":"jiro suzuki@companu.com","date":"2024-04-11 00:00:00.000000","status_str":"FALSE_POSITIVE"},"detectionStatus":3,"detectedAt":"2020-04-03 00:00:00.000000","fixedAt":null,"bugPathLength":1,"details":null,"analyzerName":"Clang-Tidy","guidelines":[],"product":"car_project"},{"runId":7,"checkerId":"1303","bugHash":"imdwie1fufbhsmkodypu98m8dwald5hx","checkedFile":"src/example36.h","checkerMsg":" 配列の境界チェックがされていません。 ","reportId":588,"fileId":194,"line":4,"column":39,"severity":30,"reviewData":{"status":3,"comment":"#Rule-1.3 違反","author":"saburo tanaka@company.com","date":"2022-03-28 00:00:00.000000","status_str":"INTENTIONAL"},"detectionStatus":2,"detectedAt":"2020-02-04 00:00:00.000000","fixedAt":null,"bugPathLength":2,"details":null,"analyzerName":"CodeSonar","guidelines":[],"product":"safety_system"},{"runId":8,"checkerId":"1505","bugHash":"66jiixvj9nmiqvai7m8kr915tztoymzl","checkedFile":"src/example64.cpp","checkerMsg":" [U] ソースファイルの末尾が改行文字で終了していません。 ","reportId":835,"fileId":932,"line":30,"column":7,"severity":0,"reviewData":{"status":1,"comment":"コーディング規約に違反しています","author":"taro yamada@company.com","date":"2022-04-03 00:00:00.000000","status_str":"CONFIRMED"},"detectionStatus":1,"detectedAt":"2021-04-30 00:00:00.000000","fixedAt":"2022-12-13 00:00:00.000000","bugPathLength":5,"details":null,"analyzerName":"CodeSonar","guidelines":[],"product":"mydemo"},{"runId":1,"checkerId":"3200","bugHash":"5klx3o3lbol08dgnpg35omirea0vvtzh","checkedFile":"src/example11.hpp","checkerMsg":" [U] ソースファイルの末尾が改行文字で終了していません。 ","reportId":412,"fileId":296,"line":13,"column":75,"severity":40,"reviewData":{"status":2,"comment":"これは確認済みの問題です","author":"saburo tanaka@company.com","date":"2024-02-20 00:00:00.000000","status_str":"FALSE_POSITIVE"},"detectionStatus":1,"detectedAt":"2022-10-11 00:00:00.000000","fixedAt":null,"bugPathLength":4,"details":"Path: func1() -> func2()","analyzerName":"Coverity","guidelines":[],"product":"safety_system"},{"runId":10,"checkerId":"1900","bugHash":"ic78jdqilbca3etup5aysvi8o0m45zlg","checkedFile":"src/example42.h","checkerMsg":" 変数が使用される前に初期化されていません。 ","reportId":757,"fileId":549,"line":31,"column":2,"severity":40,"reviewData":{"status":2,"comment":"意図的な実装です","author":"saburo tanaka@company.com","date":"2024-04-15 00:00:00.000000","status_str":"FALSE_POSITIVE"},"detectionStatus":3,"detectedAt":"2023-05-21 00:00:00.000000","fixedAt":null,"bugPathLength":5,"details":null,"analyzerName":"Coverity","guidelines":[],"product":"engine_control"},{"runId":9,"checkerId":"0914","bugHash":"a0v0l5fhc0rdkrpx0oglayyc5ruqe0xh","checkedFile":"src/example81.h","checkerMsg":" 関数型の仮引数並びを空にすると、C++言語では異なる意味になります。 ","reportId":812,"fileId":288,"line":45,"column":63,"severity":20,"reviewData":{"status":3,"comment":"#Rule-1.3 違反","author":"taro yamada@company.com","date":"2024-01-17 00:00:00.000000","status_str":"INTENTIONAL"},"detectionStatus":1,"detectedAt":"2020-08-07 00:00:00.000000","fixedAt":null,"bugPathLength":2,"details":null,"analyzerName":"Clang-Tidy","guidelines":[],"product":"engine_control"},{"runId":7,"checkerId":"3200","bugHash":"7pxnzh2louwq5luruw0224ai3omc0uvc","checkedFile":"src/example16.c","checkerMsg":" 配列の境界チェックがされていません。 ","reportId":475,"fileId":649,"line":14,"column":29,"severity":20,"reviewData":{"status":3,"comment":"FalsePositive - 実際には問題ないコードです","author":"jiro suzuki@companu.com","date":"2025-08-03 00:00:00.000000","status_str":"INTENTIONAL"},"detectionStatus":1,"detectedAt":"2024-07-16 00:00:00.000000","fixedAt":"2025-07-04 00:00:00.000000","bugPathLength":2,"details":null,"analyzerName":"QAC","guidelines":[],"product":"engine_control"},{"runId":9,"checkerId":"1303","bugHash":"b6pcwiu6cxlcirhihotogzuimlmsdomv","checkedFile":"src/example85.h","checkerMsg":" 関数型の仮引数並びを空にすると、C++言語では異なる意味になります。 ","reportId":470,"fileId":492,"line":29,"column":75,"severity":40,"reviewData":{"status":3,"comment":"#Rule-1.3 違反","author":"siro sato@company.com","date":"2024-08-14 00:00:00.000000","status_str":"INTENTIONAL"},"detectionStatus":2,"detectedAt":"2021-10-21 00:00:00.000000","fixedAt":"2023-10-19 00:00:00.000000","bugPathLength":5,"details":null,"analyzerName":"Clang-Tidy","guidelines":[],"product":"car_project"},{"runId":9,"checkerId":"3200","bugHash":"s5qrf9tovdpbyfbcekbu9ik2dy4lkrk6","checkedFile":"src/example28.h","checkerMsg":" 仮定義が使用されています。可能であれば明示的な初期化子を記述して下さい。 ","reportId":354,"fileId":281,"line":46,"column":34,"severity":30,"reviewData":{"status":3,"comment":"FalsePositive - 実際には問題ないコードです","author":"siro sato@company.com","date":"2025-03-19 00:00:00.000000","status_str":"INTENTIONAL"},"detectionStatus":1,"detectedAt":"2020-06-25 00:00:00.000000","fixedAt":null,"bugPathLength":3,"details":"Path: func1() -> func2()","analyzerName":"CodeSonar","guidelines":[],"product":"engine_control"},{"runId":1,"checkerId":"1505","bugHash":"9pubn1hkqedu7kdora1uqc1ai2ozbl1e","checkedFile":"src/example44.h","checkerMsg":" 変数が使用される前に初期化されていません。 ","reportId":521,"fileId":839,"line":9,"column":11,"severity":20,"reviewData":{"status":3,"comment":"これは確認済みの問題です","author":"taro yamada@company.com","date":"2022-11-21 00:00:00.000000","status_str":"INTENTIONAL"},"detectionStatus":2,"detectedAt":"2022-04-08 00:00:00.000000","fixedAt":null,"bugPathLength":2,"details":null,"analyzerName":"Clang-Tidy","guidelines":[],"product":"safety_system"},{"runId":1,"checkerId":"1900","bugHash":"mrmvsmcl6kzlfuzdcrekqualnchsfqia","checkedFile":"src/example74.c","checkerMsg":" [U] ソースファイルの末尾が改行文字で終了していません。 ","reportId":536,"fileId":300,"line":15,"column":61,"severity":40,"reviewData":{"status":1,"comment":"FalsePositive - 実際には問題ないコードです","author":"siro sato@company.com","date":"2023-06-23 00:00:00.000000","status_str":"CONFIRMED"},"detectionStatus":3,"detectedAt":"2020-01-24 00:00:00.000000","fixedAt":null,"bugPathLength":1,"details":null,"analyzerName":"CodeSonar","guidelines":[],"product":"mydemo"},{"runId":6,"checkerId":"0914","bugHash":"uerinzciqdk3gcxizexwpnly8mygbq5t","checkedFile":"src/example63.h","checkerMsg":" 変数が使用される前に初期化されていません。 ","reportId":935,"fileId":536,"line":28,"column":32,"severity":20,"reviewData":{"status":2,"comment":"","author":"saburo tanaka@company.com","date":"2020-08-08 00:00:00.000000","status_str":"FALSE_POSITIVE"},"detectionStatus":2,"detectedAt":"2020-04-21 00:00:00.000000","fixedAt":"2020-08-16 00:00:00.000000","bugPathLength":1,"details":"Path: func1() -> func2()","analyzerName":"Clang-Tidy","guidelines":[],"product":"car_project"},{"runId":2,"checkerId":"0940","bugHash":"eskqrz0b8vahbeemdaqpbm8rsigmxnac","checkedFile":"src/example100.cpp","checkerMsg":" 関数型の仮引数並びを空にすると、C++言語では異なる意味になります。 ","reportId":382,"fileId":233,"line":13,"column":11,"severity":40,"reviewData":{"status":1,"comment":"コーディング規約に違反しています","author":"siro sato@company.com","date":"2023-05-05 00:00:00.000000","status_str":"CONFIRMED"},"detectionStatus":3,"detectedAt":"2022-12-21 00:00:00.000000","fixedAt":null,"bugPathLength":4,"details":null,"analyzerName":"Coverity","guidelines":[],"product":"mydemo"},{"runId":5,"checkerId":"1303","bugHash":"scf9lvmlehepc23hrw1ciwl2dwvsa0hh","checkedFile":"src/example28.h","checkerMsg":" 関数型の仮引数並びを空にすると、C++言語では異なる意味になります。 ","reportId":551,"fileId":386,"line":22,"column":62,"severity":20,"reviewData":{"status":1,"comment":"意図的な実装です","author":"jiro suzuki@companu.com","date":"2023-11-06 00:00:00.000000","status_str":"CONFIRMED"},"detectionStatus":2,"detectedAt":"2020-06-05 00:00:00.000000","fixedAt":null,"bugPathLength":3,"details":"Path: func1() -> func2()","analyzerName":"QAC","guidelines":[],"product":"engine_control"},{"runId":10,"checkerId":"0940","bugHash":"lcrqysndy76qples5fkhuqdkh8zdcrw2","checkedFile":"src/example43.c","checkerMsg":" 関数型の仮引数並びを空にすると、C++言語では異なる意味になります。 ","reportId":370,"fileId":10,"line":10,"column":41,"severity":10,"reviewData":{"status":1,"comment":"意図的な実装です","author":"taro yamada@company.com","date":"2025-01-05 00:00:00.000000","status_str":"CONFIRMED"},"detectionStatus":2,"detectedAt":"2024-07-13 00:00:00.000000","fixedAt":null,"bugPathLength":3,"details":"Path: func1() -> func2()","analyzerName":"CodeSonar","guidelines":[],"product":"safety_system"},{"runId":2,"checkerId":"0940","bugHash":"q7uvbne0avtm7vsxhj0qwoybhrvecqz1","checkedFile":"src/example28.c","checkerMsg":" 関数型の仮引数並びを空にすると、C++言語では異なる意味になります。 ","reportId":997,"fileId":79,"line":40,"column":43,"severity":40,"reviewData":{"status":1,"comment":"","author":"saburo tanaka@company.com","date":"2025-06-07 00:00:00.000000","status_str":"CONFIRMED"},"detectionStatus":1,"detectedAt":"2021-11-23 00:00:00.000000","fixedAt":null,"bugPathLength":3,"details":null,"analyzerName":"Coverity","guidelines":[],"product":"mydemo"},{"runId":4,"checkerId":"0914","bugHash":"mod9f7v7qip20owdlxeyuplvicsqmnij","checkedFile":"src/example7.hpp","checkerMsg":" 関数型の仮引数並びを空にすると、C++言語では異なる意味になります。 ","reportId":889,"fileId":567,"line":30,"column":66,"severity":20,"reviewData":{"status":1,"comment":"FalsePositive - 実際には問題ないコードです","author":"taro yamada@company.com","date":"2024-11-12 00:00:00.000000","status_str":"CONFIRMED"},"detectionStatus":1,"detectedAt":"2024-09-19 00:00:00.000000","fixedAt":null,"bugPathLength":1,"details":null,"analyzerName":"QAC","guidelines":[],"product":"mydemo"},{"runId":3,"checkerId":"0914","bugHash":"sigcoogsayvpcesuwgog0gprydnbw80q","checkedFile":"src/example49.hpp","checkerMsg":" 配列の境界チェックがされていません。 ","reportId":909,"fileId":575,"line":34,"column":6,"severity":10,"reviewData":{"status":2,"comment":"#Rule-1.3 違反","author":"taro yamada@company.com","date":"2025-06-04 00:00:00.000000","status_str":"FALSE_POSITIVE"},"detectionStatus":1,"detectedAt":"2021-06-20 00:00:00.000000","fixedAt":null,"bugPathLength":4,"details":null,"analyzerName":"QAC","guidelines":[],"product":"mydemo"},{"runId":7,"checkerId":"2120","bugHash":"3ai3qlludx4ld0kdcshgehdhvlnmkatv","checkedFile":"src/example82.c","checkerMsg":" 仮定義が使用されています。可能であれば明示的な初期化子を記述して下さい。 ","reportId":628,"fileId":105,"line":19,"column":19,"severity":10,"reviewData":{"status":1,"comment":"#Rule-1.3 違反","author":"siro sato@company.com","date":"2025-10-05 00:00:00.000000","status_str":"CONFIRMED"},"detectionStatus":1,"detectedAt":"2024-10-03 00:00:00.000000","fixedAt":null,"bugPathLength":2,"details":null,"analyzerName":"Clang-Tidy","guidelines":[],"product":"mydemo"},{"runId":5,"checkerId":"0940","bugHash":"ru4fyzpbixhcuj8tme5xjqvspb6c8bxj","checkedFile":"src/example22.c","checkerMsg":" [U] ソースファイルの末尾が改行文字で終了していません。 ","reportId":711,"fileId":496,"line":22,"column":41,"severity":20,"reviewData":{"status":3,"comment":"意図的な実装です","author":"jiro suzuki@companu.com","date":"2023-08-21 00:00:00.000000","status_str":"INTENTIONAL"},"detectionStatus":2,"detectedAt":"2021-12-02 00:00:00.000000","fixedAt":null,"bugPathLength":5,"details":"Path: func1() -> func2()","analyzerName":"Clang-Tidy","guidelines":[],"product":"engine_control"},{"runId":5,"checkerId":"1303","bugHash":"w1jyxtuj3h2dzgsgrxlscrdum3jl1on6","checkedFile":"src/example73.c","checkerMsg":" 関数型の仮引数並びを空にすると、C++言語では異なる意味になります。 ","reportId":303,"fileId":981,"line":11,"column":14,"severity":40,"reviewData":{"status":1,"comment":"コーディング規約に違反しています","author":"taro yamada@company.com","date":"2025-05-07 00:00:00.000000","status_str":"CONFIRMED"},"detectionStatus":3,"detectedAt":"2022-07-24 00:00:00.000000","fixedAt":null,"bugPathLength":3,"details":null,"analyzerName":"CodeSonar","guidelines":[],"product":"mydemo"},{"runId":4,"checkerId":"0914","bugHash":"28hfhpiukl7j01beb2urdyslqxhsiedl","checkedFile":"src/example17.c","checkerMsg":" 配列の境界チェックがされていません。 ","reportId":881,"fileId":894,"line":8,"column":18,"severity":0,"reviewData":{"status":2,"comment":"","author":"taro yamada@company.com","date":"2025-08-04 00:00:00.000000","status_str":"FALSE_POSITIVE"},"detectionStatus":1,"detectedAt":"2020-03-24 00:00:00.000000","fixedAt":"2025-08-16 00:00:00.000000","bugPathLength":1,"details":"Path: func1() -> func2()","analyzerName":"Coverity","guidelines":[],"product":"car_project"},{"runId":6,"checkerId":"2120","bugHash":"2cfg4dzpuwgbuxmeoy2yfoi6etuehfdc","checkedFile":"src/example57.h","checkerMsg":" 関数型の仮引数並びを空にすると、C++言語では異なる意味になります。 ","reportId":596,"fileId":627,"line":23,"column":25,"severity":0,"reviewData":{"status":3,"comment":"意図的な実装です","author":"saburo tanaka@company.com","date":"2023-12-06 00:00:00.000000","status_str":"INTENTIONAL"},"detectionStatus":2,"detectedAt":"2022-02-01 00:00:00.000000","fixedAt":null,"bugPathLength":5,"details":"Path: func1() -> func2()","analyzerName":"QAC","guidelines":[],"product":"safety_system"},{"runId":4,"checkerId":"2022","bugHash":"6dqos7k4ndk5vz6rpzqg2hhkilzisfma","checkedFile":"src/example95.hpp","checkerMsg":" [U] ソースファイルの末尾が改行文字で終了していません。 ","reportId":188,"fileId":670,"line":29,"column":58,"severity":0,"reviewData":{"status":1,"comment":"これは確認済みの問題です","author":"taro yamada@company.com","date":"2025-10-01 00:00:00.000000","status_str":"CONFIRMED"},"detectionStatus":2,"detectedAt":"2025-09-22 00:00:00.000000","fixedAt":null,"bugPathLength":1,"details":"Path: func1() -> func2()","analyzerName":"CodeSonar","guidelines":[],"product":"safety_system"},{"runId":7,"checkerId":"0914","bugHash":"8rvyoibhd7nytdtdlmm0uaoeftb31c7c","checkedFile":"src/example39.cpp","checkerMsg":" 仮定義が使用されています。可能であれば明示的な初期化子を記述して下さい。 ","reportId":921,"fileId":289,"line":29,"column":12,"severity":30,"reviewData":{"status":3,"comment":"コーディング規約に違反しています","author":"taro yamada@company.com","date":"2025-07-09 00:00:00.000000","status_str":"INTENTIONAL"},"detectionStatus":1,"detectedAt":"2024-07-29 00:00:00.000000","fixedAt":null,"bugPathLength":2,"details":"Path: func1() -> func2()","analyzerName":"Coverity","guidelines":[],"product":"mydemo"},{"runId":7,"checkerId":"0940","bugHash":"edcxukkmphtxpyqmbdp3ig46ui6rgmfy","checkedFile":"src/example73.cpp","checkerMsg":" 配列の境界チェックがされていません。 ","reportId":770,"fileId":856,"line":8,"column":69,"severity":40,"reviewData":{"status":2,"comment":"#Rule-1.3 違反","author":"jiro suzuki@companu.com","date":"2024-10-13 00:00:00.000000","status_str":"FALSE_POSITIVE"},"detectionStatus":2,"detectedAt":"2024-08-08 00:00:00.000000","fixedAt":null,"bugPathLength":3,"details":"Path: func1() -> func2()","analyzerName":"Coverity","guidelines":[],"product":"mydemo"},{"runId":1,"checkerId":"1303","bugHash":"pkrnbwpi1i6s3lscxzts3vfnhmsoq7tq","checkedFile":"src/example82.h","checkerMsg":" [U] ソースファイルの末尾が改行文字で終了していません。 ","reportId":890,"fileId":868,"line":38,"column":73,"severity":40,"reviewData":{"status":2,"comment":"コーディング規約に違反しています","author":"taro yamada@company.com","date":"2025-09-22 00:00:00.000000","status_str":"FALSE_POSITIVE"},"detectionStatus":2,"detectedAt":"2025-08-15 00:00:00.000000","fixedAt":null,"bugPathLength":3,"details":null,"analyzerName":"Clang-Tidy","guidelines":[],"product":"mydemo"},{"runId":10,"checkerId":"3200","bugHash":"xkkrcnls1o4o9m0tzccs3qosu8v8rd3s","checkedFile":"src/example89.cpp","checkerMsg":" 仮定義が使用されています。可能であれば明示的な初期化子を記述して下さい。 ","reportId":272,"fileId":199,"line":41,"column":30,"severity":40,"reviewData":{"status":1,"comment":"コーディング規約に違反しています","author":"saburo tanaka@company.com","date":"2025-02-26 00:00:00.000000","status_str":"CONFIRMED"},"detectionStatus":3,"detectedAt":"2022-07-19 00:00:00.000000","fixedAt":null,"bugPathLength":3,"details":null,"analyzerName":"Coverity","guidelines":[],"product":"engine_control"},{"runId":8,"checkerId":"1505","bugHash":"x6h9cw9qgubxb9ml2069hyhrawwq1lpf","checkedFile":"src/example49.h","checkerMsg":" 変数が使用される前に初期化されていません。 ","reportId":770,"fileId":23,"line":30,"column":11,"severity":0,"reviewData":{"status":3,"comment":"コーディング規約に違反しています","author":"siro sato@company.com","date":"2025-08-27 00:00:00.000000","status_str":"INTENTIONAL"},"detectionStatus":2,"detectedAt":"2025-08-17 00:00:00.000000","fixedAt":null,"bugPathLength":3,"details":"Path: func1() -> func2()","analyzerName":"Clang-Tidy","guidelines":[],"product":"car_project"},{"runId":6,"checkerId":"2022","bugHash":"mxjjo7bzo2pgircvnp2bdkluegleqqhe","checkedFile":"src/example61.h","checkerMsg":" 仮定義が使用されています。可能であれば明示的な初期化子を記述して下さい。 ","reportId":686,"fileId":196,"line":12,"column":27,"severity":0,"reviewData":{"status":1,"comment":"これは確認済みの問題です","author":"saburo tanaka@company.com","date":"2022-09-09 00:00:00.000000","status_str":"CONFIRMED"},"detectionStatus":3,"detectedAt":"2021-06-20 00:00:00.000000","fixedAt":"2024-07-09 00:00:00.000000","bugPathLength":3,"details":"Path: func1() -> func2()","analyzerName":"QAC","guidelines":[],"product":"car_project"},{"runId":8,"checkerId":"3200","bugHash":"3kya1kkinqxjojvutkelimztt0xofnei","checkedFile":"src/example63.h","checkerMsg":" 変数が使用される前に初期化されていません。 ","reportId":281,"fileId":849,"line":45,"column":78,"severity":30,"reviewData":{"status":1,"comment":"意図的な実装です","author":"siro sato@company.com","date":"2021-11-19 00:00:00.000000","status_str":"CONFIRMED"},"detectionStatus":2,"detectedAt":"2020-09-08 00:00:00.000000","fixedAt":null,"bugPathLength":1,"details":null,"analyzerName":"QAC","guidelines":[],"product":"engine_control"},{"runId":5,"checkerId":"1303","bugHash":"uijjhmriv4gna67sh6phcfa567aqg3za","checkedFile":"src/example77.cpp","checkerMsg":" 仮定義が使用されています。可能であれば明示的な初期化子を記述して下さい。 ","reportId":759,"fileId":719,"line":11,"column":79,"severity":10,"reviewData":{"status":1,"comment":"意図的な実装です","author":"jiro suzuki@companu.com","date":"2025-08-11 00:00:00.000000","status_str":"CONFIRMED"},"detectionStatus":2,"detectedAt":"2023-09-03 00:00:00.000000","fixedAt":"2023-09-26 00:00:00.000000","bugPathLength":4,"details":"Path: func1() -> func2()","analyzerName":"QAC","guidelines":[],"product":"engine_control"},{"runId":6,"checkerId":"1505","bugHash":"1ed3wg3xbertmt84rninojka8sjea5tf","checkedFile":"src/example21.hpp","checkerMsg":" 関数型の仮引数並びを空にすると、C++言語では異なる意味になります。 ","reportId":710,"fileId":138,"line":28,"column":41,"severity":0,"reviewData":{"status":2,"comment":"FalsePositive - 実際には問題ないコードです","author":"siro sato@company.com","date":"2025-08-16 00:00:00.000000","status_str":"FALSE_POSITIVE"},"detectionStatus":3,"detectedAt":"2023-12-02 00:00:00.000000","fixedAt":null,"bugPathLength":3,"details":null,"analyzerName":"Clang-Tidy","guidelines":[],"product":"mydemo"},{"runId":6,"checkerId":"2022","bugHash":"sma7xczwhmuhtiyeaxfaj4mwk94hdms7","checkedFile":"src/example34.cpp","checkerMsg":" 仮定義が使用されています。可能であれば明示的な初期化子を記述して下さい。 ","reportId":308,"fileId":668,"line":4,"column":66,"severity":30,"reviewData":{"status":3,"comment":"コーディング規約に違反しています","author":"taro yamada@company.com","date":"2022-07-29 00:00:00.000000","status_str":"INTENTIONAL"},"detectionStatus":3,"detectedAt":"2020-01-02 00:00:00.000000","fixedAt":null,"bugPathLength":3,"details":"Path: func1() -> func2()","analyzerName":"QAC","guidelines":[],"product":"car_project"},{"runId":3,"checkerId":"3200","bugHash":"0m3vxeyex7nbgygamcv1bjetlahohp79","checkedFile":"src/example60.c","checkerMsg":" [U] ソースファイルの末尾が改行文字で終了していません。 ","reportId":312,"fileId":762,"line":20,"column":33,"severity":0,"reviewData":{"status":2,"comment":"意図的な実装です","author":"siro sato@company.com","date":"2025-03-26 00:00:00.000000","status_str":"FALSE_POSITIVE"},"detectionStatus":3,"detectedAt":"2023-05-16 00:00:00.000000","fixedAt":null,"bugPathLength":2,"details":null,"analyzerName":"Coverity","guidelines":[],"product":"mydemo"},{"runId":9,"checkerId":"2120","bugHash":"8na0t2t420rsknntbxsermj9apvwe6sw","checkedFile":"src/example68.hpp","checkerMsg":" 関数型の仮引数並びを空にすると、C++言語では異なる意味になります。 ","reportId":692,"fileId":871,"line":49,"column":46,"severity":20,"reviewData":{"status":2,"comment":"これは確認済みの問題です","author":"jiro suzuki@companu.com","date":"2021-07-22 00:00:00.000000","status_str":"FALSE_POSITIVE"},"detectionStatus":3,"detectedAt":"2020-04-04 00:00:00.000000","fixedAt":null,"bugPathLength":4,"details":null,"analyzerName":"QAC","guidelines":[],"product":"car_project"},{"runId":10,"checkerId":"0914","bugHash":"j2s9kuwriogxivne1ak0dtnl40bagmiv","checkedFile":"src/example35.c","checkerMsg":" 仮定義が使用されています。可能であれば明示的な初期化子を記述して下さい。 ","reportId":542,"fileId":774,"line":2,"column":39,"severity":30,"reviewData":{"status":3,"comment":"意図的な実装です","author":"taro yamada@company.com","date":"2024-03-04 00:00:00.000000","status_str":"INTENTIONAL"},"detectionStatus":3,"detectedAt":"2024-01-24 00:00:00.000000","fixedAt":null,"bugPathLength":2,"details":null,"analyzerName":"QAC","guidelines":[],"product":"safety_system"},{"runId":10,"checkerId":"3200","bugHash":"aeq83dm9adntvlv2x8d7rliymvindllx","checkedFile":"src/example31.cpp","checkerMsg":" 配列の境界チェックがされていません。 ","reportId":474,"fileId":319,"line":29,"column":1,"severity":10,"reviewData":{"status":3,"comment":"コーディング規約に違反しています","author":"siro sato@company.com","date":"2024-11-26 00:00:00.000000","status_str":"INTENTIONAL"},"detectionStatus":3,"detectedAt":"2024-05-06 00:00:00.000000","fixedAt":null,"bugPathLength":3,"details":"Path: func1() -> func2()","analyzerName":"Clang-Tidy","guidelines":[],"product":"car_project"},{"runId":2,"checkerId":"2022","bugHash":"wwikrnorq0ccsugcncsbq0s0bfqyfmdy","checkedFile":"src/example2.c","checkerMsg":" 配列の境界チェックがされていません。 ","reportId":346,"fileId":655,"line":43,"column":21,"severity":40,"reviewData":{"status":2,"comment":"コーディング規約に違反しています","author":"siro sato@company.com","date":"2024-12-12 00:00:00.000000","status_str":"FALSE_POSITIVE"},"detectionStatus":2,"detectedAt":"2020-10-30 00:00:00.000000","fixedAt":"2023-10-19 00:00:00.000000","bugPathLength":2,"details":null,"analyzerName":"Clang-Tidy","guidelines":[],"product":"safety_system"},{"runId":9,"checkerId":"1303","bugHash":"nms5krksxpudv8phulfl3dhvbb8p2kkf","checkedFile":"src/example50.h","checkerMsg":" 変数が使用される前に初期化されていません。 ","reportId":473,"fileId":317,"line":31,"column":38,"severity":40,"reviewData":{"status":2,"comment":"これは確認済みの問題です","author":"siro sato@company.com","date":"2025-10-07 00:00:00.000000","status_str":"FALSE_POSITIVE"},"detectionStatus":1,"detectedAt":"2025-03-06 00:00:00.000000","fixedAt":null,"bugPathLength":5,"details":null,"analyzerName":"Coverity","guidelines":[],"product":"safety_system"},{"runId":1,"checkerId":"1303","bugHash":"eible9lk1nixppwxaqygixnqnzks7iye","checkedFile":"src/example85.cpp","checkerMsg":" [U] ソースファイルの末尾が改行文字で終了していません。 ","reportId":210,"fileId":713,"line":37,"column":11,"severity":30,"reviewData":{"status":3,"comment":"","author":"siro sato@company.com","date":"2025-07-01 00:00:00.000000","status_str":"INTENTIONAL"},"detectionStatus":2,"detectedAt":"2024-10-16 00:00:00.000000","fixedAt":null,"bugPathLength":3,"details":"Path: func1() -> func2()","analyzerName":"Coverity","guidelines":[],"product":"safety_system"},{"runId":5,"checkerId":"0914","bugHash":"wamc8v8plmlx559bwztqluilmamgnoln","checkedFile":"src/example3.c","checkerMsg":" 関数型の仮引数並びを空にすると、C++言語では異なる意味になります。 ","reportId":846,"fileId":56,"line":3,"column":16,"severity":10,"reviewData":{"status":1,"comment":"FalsePositive - 実際には問題ないコードです","author":"saburo tanaka@company.com","date":"2024-04-17 00:00:00.000000","status_str":"CONFIRMED"},"detectionStatus":1,"detectedAt":"2022-07-17 00:00:00.000000","fixedAt":null,"bugPathLength":3,"details":"Path: func1() -> func2()","analyzerName":"Clang-Tidy","guidelines":[],"product":"mydemo"},{"runId":5,"checkerId":"2120","bugHash":"wyr56lydrf6gw0akxiosp9k1sqihqdjx","checkedFile":"src/example67.hpp","checkerMsg":" 関数型の仮引数並びを空にすると、C++言語では異なる意味になります。 ","reportId":636,"fileId":997,"line":34,"column":60,"severity":30,"reviewData":{"status":1,"comment":"これは確認済みの問題です","author":"siro sato@company.com","date":"2024-11-21 00:00:00.000000","status_str":"CONFIRMED"},"detectionStatus":2,"detectedAt":"2024-09-10 00:00:00.000000","fixedAt":"2025-09-29 00:00:00.000000","bugPathLength":5,"details":null,"analyzerName":"Clang-Tidy","guidelines":[],"product":"engine_control"},{"runId":8,"checkerId":"1900","bugHash":"topjdxtgzs2umambf3mgfym5ef8rd58c","checkedFile":"src/example47.h","checkerMsg":" 仮定義が使用されています。可能であれば明示的な初期化子を記述して下さい。 ","reportId":836,"fileId":610,"line":41,"column":18,"severity":0,"reviewData":{"status":3,"comment":"","author":"jiro suzuki@companu.com","date":"2025-06-26 00:00:00.000000","status_str":"INTENTIONAL"},"detectionStatus":2,"detectedAt":"2024-10-08 00:00:00.000000","fixedAt":null,"bugPathLength":5,"details":null,"analyzerName":"Coverity","guidelines":[],"product":"mydemo"},{"runId":2,"checkerId":"0940","bugHash":"4qdkenjoqr1z0zugpk9x1yj8mtezopid","checkedFile":"src/example24.hpp","checkerMsg":" 関数型の仮引数並びを空にすると、C++言語では異なる意味になります。 ","reportId":240,"fileId":298,"line":14,"column":59,"severity":20,"reviewData":{"status":3,"comment":"これは確認済みの問題です","author":"saburo tanaka@company.com","date":"2024-06-29 00:00:00.000000","status_str":"INTENTIONAL"},"detectionStatus":2,"detectedAt":"2022-05-16 00:00:00.000000","fixedAt":null,"bugPathLength":5,"details":"Path: func1() -> func2()","analyzerName":"CodeSonar","guidelines":[],"product":"safety_system"},{"runId":6,"checkerId":"1900","bugHash":"mwlxztjbca2b80xnfohhnpbrz4t8wsfy","checkedFile":"src/example90.cpp","checkerMsg":" 変数が使用される前に初期化されていません。 ","reportId":257,"fileId":414,"line":25,"column":27,"severity":20,"reviewData":{"status":1,"comment":"","author":"siro sato@company.com","date":"2025-09-19 00:00:00.000000","status_str":"CONFIRMED"},"detectionStatus":1,"detectedAt":"2024-04-12 00:00:00.000000","fixedAt":"2024-11-25 00:00:00.000000","bugPathLength":1,"details":"Path: func1() -> func2()","analyzerName":"Clang-Tidy","guidelines":[],"product":"car_project"},{"runId":8,"checkerId":"2120","bugHash":"xm8wmaxpxl9reobcchyddlpuktudonax","checkedFile":"src/example87.h","checkerMsg":" 仮定義が使用されています。可能であれば明示的な初期化子を記述して下さい。 ","reportId":942,"fileId":176,"line":26,"column":64,"severity":0,"reviewData":{"status":2,"comment":"","author":"jiro suzuki@companu.com","date":"2023-03-24 00:00:00.000000","status_str":"FALSE_POSITIVE"},"detectionStatus":2,"detectedAt":"2021-02-07 00:00:00.000000","fixedAt":"2024-05-03 00:00:00.000000","bugPathLength":1,"details":null,"analyzerName":"Coverity","guidelines":[],"product":"engine_control"},{"runId":5,"checkerId":"2022","bugHash":"3vvtwdvr4r9dslwulygtatz6tbkynlan","checkedFile":"src/example57.c","checkerMsg":" 関数型の仮引数並びを空にすると、C++言語では異なる意味になります。 ","reportId":747,"fileId":292,"line":45,"column":58,"severity":10,"reviewData":{"status":1,"comment":"これは確認済みの問題です","author":"jiro suzuki@companu.com","date":"2024-01-17 00:00:00.000000","status_str":"CONFIRMED"},"detectionStatus":3,"detectedAt":"2022-12-10 00:00:00.000000","fixedAt":"2023-09-16 00:00:00.000000","bugPathLength":1,"details":null,"analyzerName":"CodeSonar","guidelines":[],"product":"safety_system"},{"runId":5,"checkerId":"1900","bugHash":"zvhgz2nk5pkpnhdziegmhtlr1ljscl1m","checkedFile":"src/example75.hpp","checkerMsg":" [U] ソースファイルの末尾が改行文字で終了していません。 ","reportId":202,"fileId":494,"line":11,"column":29,"severity":20,"reviewData":{"status":2,"comment":"","author":"saburo tanaka@company.com","date":"2025-06-01 00:00:00.000000","status_str":"FALSE_POSITIVE"},"detectionStatus":2,"detectedAt":"2021-10-13 00:00:00.000000","fixedAt":null,"bugPathLength":1,"details":null,"analyzerName":"QAC","guidelines":[],"product":"mydemo"},{"runId":9,"checkerId":"1303","bugHash":"gwp4mlc0iwyg5fxsvmi0vb2dthk51apu","checkedFile":"src/example25.c","checkerMsg":" 関数型の仮引数並びを空にすると、C++言語では異なる意味になります。 ","reportId":653,"fileId":288,"line":38,"column":10,"severity":0,"reviewData":{"status":2,"comment":"#Rule-1.3 違反","author":"siro sato@company.com","date":"2025-03-11 00:00:00.000000","status_str":"FALSE_POSITIVE"},"detectionStatus":1,"detectedAt":"2024-02-20 00:00:00.000000","fixedAt":"2025-03-23 00:00:00.000000","bugPathLength":2,"details":null,"analyzerName":"QAC","guidelines":[],"product":"car_project"},{"runId":5,"checkerId":"1505","bugHash":"t2agynkkpyslgkwrmk51nt2tpxjxhke0","checkedFile":"src/example27.hpp","checkerMsg":" 配列の境界チェックがされていません。 ","reportId":125,"fileId":657,"line":49,"column":2,"severity":0,"reviewData":{"status":1,"comment":"#Rule-1.3 違反","author":"saburo tanaka@company.com","date":"2025-08-16 00:00:00.000000","status_str":"CONFIRMED"},"detectionStatus":3,"detectedAt":"2025-06-14 00:00:00.000000","fixedAt":null,"bugPathLength":5,"details":"Path: func1() -> func2()","analyzerName":"QAC","guidelines":[],"product":"mydemo"},{"runId":7,"checkerId":"2120","bugHash":"bd9zbfwh2j0l6rtxac9mym0jvc1di685","checkedFile":"src/example14.c","checkerMsg":" 変数が使用される前に初期化されていません。 ","reportId":395,"fileId":64,"line":33,"column":11,"severity":40,"reviewData":{"status":2,"comment":"意図的な実装です","author":"saburo tanaka@company.com","date":"2024-03-20 00:00:00.000000","status_str":"FALSE_POSITIVE"},"detectionStatus":1,"detectedAt":"2020-09-27 00:00:00.000000","fixedAt":null,"bugPathLength":1,"details":null,"analyzerName":"Clang-Tidy","guidelines":[],"product":"mydemo"},{"runId":4,"checkerId":"1900","bugHash":"j7dqcm0053ur5qvukaakn7iy3bk0dqf1","checkedFile":"src/example60.hpp","checkerMsg":" [U] ソースファイルの末尾が改行文字で終了していません。 ","reportId":445,"fileId":654,"line":7,"column":32,"severity":30,"reviewData":{"status":1,"comment":"","author":"saburo tanaka@company.com","date":"2021-04-18 00:00:00.000000","status_str":"CONFIRMED"},"detectionStatus":1,"detectedAt":"2020-05-06 00:00:00.000000","fixedAt":null,"bugPathLength":5,"details":"Path: func1() -> func2()","analyzerName":"Clang-Tidy","guidelines":[],"product":"car_project"},{"runId":3,"checkerId":"2022","bugHash":"4idw8ydskzkcjy6qsihbcybwwiotlwyq","checkedFile":"src/example33.h","checkerMsg":" 仮定義が使用されています。可能であれば明示的な初期化子を記述して下さい。 ","reportId":107,"fileId":342,"line":6,"column":71,"severity":10,"reviewData":{"status":1,"comment":"","author":"jiro suzuki@companu.com","date":"2023-06-15 00:00:00.000000","status_str":"CONFIRMED"},"detectionStatus":3,"detectedAt":"2021-11-17 00:00:00.000000","fixedAt":null,"bugPathLength":5,"details":"Path: func1() -> func2()","analyzerName":"CodeSonar","guidelines":[],"product":"safety_system"},{"runId":7,"checkerId":"3200","bugHash":"hztonmvh3uvlxclatlolw2dbbarh3efl","checkedFile":"src/example40.cpp","checkerMsg":" [U] ソースファイルの末尾が改行文字で終了していません。 ","reportId":452,"fileId":79,"line":43,"column":29,"severity":0,"reviewData":{"status":2,"comment":"","author":"jiro suzuki@companu.com","date":"2021-06-15 00:00:00.000000","status_str":"FALSE_POSITIVE"},"detectionStatus":3,"detectedAt":"2020-02-20 00:00:00.000000","fixedAt":null,"bugPathLength":3,"details":"Path: func1() -> func2()","analyzerName":"Clang-Tidy","guidelines":[],"product":"mydemo"},{"runId":4,"checkerId":"2022","bugHash":"cn4lhtxfsrc63hisxnwfws6u2ei2alio","checkedFile":"src/example26.cpp","checkerMsg":" 関数型の仮引数並びを空にすると、C++言語では異なる意味になります。 ","reportId":101,"fileId":356,"line":30,"column":69,"severity":40,"reviewData":{"status":2,"comment":"FalsePositive - 実際には問題ないコードです","author":"jiro suzuki@companu.com","date":"2025-08-11 00:00:00.000000","status_str":"FALSE_POSITIVE"},"detectionStatus":2,"detectedAt":"2024-07-22 00:00:00.000000","fixedAt":"2025-06-02 00:00:00.000000","bugPathLength":4,"details":null,"analyzerName":"Coverity","guidelines":[],"product":"car_project"},{"runId":3,"checkerId":"2120","bugHash":"ibai7jx7dxdxruchmw4xso0n05vrqnbw","checkedFile":"src/example89.cpp","checkerMsg":" [U] ソースファイルの末尾が改行文字で終了していません。 ","reportId":262,"fileId":494,"line":8,"column":60,"severity":40,"reviewData":{"status":1,"comment":"","author":"saburo tanaka@company.com","date":"2024-08-05 00:00:00.000000","status_str":"CONFIRMED"},"detectionStatus":1,"detectedAt":"2023-11-07 00:00:00.000000","fixedAt":"2025-05-10 00:00:00.000000","bugPathLength":1,"details":"Path: func1() -> func2()","analyzerName":"QAC","guidelines":[],"product":"safety_system"},{"runId":8,"checkerId":"1303","bugHash":"pypdsn4b4u5jg0onhqwszicer3m5aogg","checkedFile":"src/example55.hpp","checkerMsg":" [U] ソースファイルの末尾が改行文字で終了していません。 ","reportId":728,"fileId":49,"line":26,"column":9,"severity":20,"reviewData":{"status":3,"comment":"","author":"jiro suzuki@companu.com","date":"2025-03-25 00:00:00.000000","status_str":"INTENTIONAL"},"detectionStatus":3,"detectedAt":"2021-12-08 00:00:00.000000","fixedAt":"2023-10-01 00:00:00.000000","bugPathLength":2,"details":null,"analyzerName":"Coverity","guidelines":[],"product":"engine_control"},{"runId":9,"checkerId":"0914","bugHash":"skkyfllqw6dsm8kdaeow2f5ccz26ugqd","checkedFile":"src/example68.c","checkerMsg":" 仮定義が使用されています。可能であれば明示的な初期化子を記述して下さい。 ","reportId":924,"fileId":985,"line":41,"column":14,"severity":40,"reviewData":{"status":3,"comment":"","author":"saburo tanaka@company.com","date":"2024-06-05 00:00:00.000000","status_str":"INTENTIONAL"},"detectionStatus":1,"detectedAt":"2023-10-19 00:00:00.000000","fixedAt":null,"bugPathLength":4,"details":"Path: func1() -> func2()","analyzerName":"Coverity","guidelines":[],"product":"engine_control"}]