[{"runId":2,"checkerId":"3200","bugHash":"twxzadpb89n56ehjscss3s8jdeo65efh","checkedFile":"src/example94.c","checkerMsg":" [U] ソースファイルの末尾が改行文字で終了していません。 ","reportId":875,"fileId":248,"line":3,"column":11,"severity":10,"reviewData":{"status":1,"comment":"","author":"saburo tanaka@company.com","date":"2025-09-12 00:00:00.000000","status_str":"CONFIRMED"},"detectionStatus":2,"detectedAt":"2025-01-09 00:00:00.000000","fixedAt":null,"bugPathLength":3,"details":"Path: func1() -> func2()","analyzerName":"Coverity","guidelines":[],"product":"mydemo"},{"runId":10,"checkerId":"2022","bugHash":"ahchytkalt95lbo29dtmlpwwcapqacq1","checkedFile":"src/example30.hpp","checkerMsg":" [U] ソースファイルの末尾が改行文字で終了していません。 ","reportId":833,"fileId":161,"line":33,"column":45,"severity":10,"reviewData":{"status":1,"comment":"FalsePositive - 実際には問題ないコードです","author":"taro yamada@company.com","date":"2022-02-02 00:00:00.000000","status_str":"CONFIRMED"},"detectionStatus":3,"detectedAt":"2021-06-25 00:00:00.000000","fixedAt":null,"bugPathLength":5,"details":"Path: func1() -> func2()","analyzerName":"Clang-Tidy","guidelines":[],"product":"mydemo"},{"runId":4,"checkerId":"1505","bugHash":"or2kjfuicj2d7mjop089hp8ufs0fcgia","checkedFile":"src/example69.cpp","checkerMsg":" 変数が使用される前に初期化されていません。 ","reportId":155,"fileId":494,"line":48,"column":19,"severity":30,"reviewData":{"status":3,"comment":"","author":"jiro suzuki@companu.com","date":"2025-08-25 00:00:00.000000","status_str":"INTENTIONAL"},"detectionStatus":1,"detectedAt":"2024-06-30 00:00:00.000000","fixedAt":"2024-09-27 00:00:00.000000","bugPathLength":1,"details":"Path: func1() -> func2()","analyzerName":"CodeSonar","guidelines":[],"product":"mydemo"},{"runId":2,"checkerId":"1505","bugHash":"gtlq8d4x2g8gmgyuajdrx15rea2utrit","checkedFile":"src/example17.c","checkerMsg":" 関数型の仮引数並びを空にすると、C++言語では異なる意味になります。 ","reportId":282,"fileId":178,"line":26,"column":68,"severity":0,"reviewData":{"status":2,"comment":"意図的な実装です","author":"taro yamada@company.com","date":"2025-03-11 00:00:00.000000","status_str":"FALSE_POSITIVE"},"detectionStatus":1,"detectedAt":"2022-04-05 00:00:00.000000","fixedAt":null,"bugPathLength":5,"details":null,"analyzerName":"Clang-Tidy","guidelines":[],"product":"car_project"},{"runId":1,"checkerId":"3200","bugHash":"rf7roayushmvgar9bresbwgtjuz4jwmb","checkedFile":"src/example68.h","checkerMsg":" [U] ソースファイルの末尾が改行文字で終了していません。 ","reportId":880,"fileId":522,"line":19,"column":33,"severity":30,"reviewData":{"status":3,"comment":"#Rule-1.3 違反","author":"jiro suzuki@companu.com","date":"2025-04-28 00:00:00.000000","status_str":"INTENTIONAL"},"detectionStatus":3,"detectedAt":"2022-01-30 00:00:00.000000","fixedAt":null,"bugPathLength":5,"details":"Path: func1() -> func2()","analyzerName":"CodeSonar","guidelines":[],"product":"car_project"},{"runId":5,"checkerId":"0914","bugHash":"ynvi57iyiccqr0igqysirzgouqjt4mzo","checkedFile":"src/example88.c","checkerMsg":" 仮定義が使用されています。可能であれば明示的な初期化子を記述して下さい。 ","reportId":104,"fileId":291,"line":3,"column":53,"severity":30,"reviewData":{"status":2,"comment":"#Rule-1.3 違反","author":"saburo tanaka@company.com","date":"2024-10-11 00:00:00.000000","status_str":"FALSE_POSITIVE"},"detectionStatus":2,"detectedAt":"2023-07-24 00:00:00.000000","fixedAt":null,"bugPathLength":2,"details":null,"analyzerName":"Clang-Tidy","guidelines":[],"product":"engine_control"},{"runId":7,"checkerId":"1900","bugHash":"sw6lecwy941pzd75dgk1hovtiuzwps9p","checkedFile":"src/example20.h","checkerMsg":" 関数型の仮引数並びを空にすると、C++言語では異なる意味になります。 ","reportId":289,"fileId":108,"line":35,"column":73,"severity":20,"reviewData":{"status":2,"comment":"意図的な実装です","author":"siro sato@company.com","date":"2023-01-13 00:00:00.000000","status_str":"FALSE_POSITIVE"},"detectionStatus":1,"detectedAt":"2022-03-06 00:00:00.000000","fixedAt":null,"bugPathLength":2,"details":null,"analyzerName":"Coverity","guidelines":[],"product":"engine_control"},{"runId":6,"checkerId":"0940","bugHash":"9dhxkmphptfl2dxyyc7b8dffxq46xlha","checkedFile":"src/example2.c","checkerMsg":" 仮定義が使用されています。可能であれば明示的な初期化子を記述して下さい。 ","reportId":359,"fileId":529,"line":38,"column":38,"severity":10,"reviewData":{"status":1,"comment":"コーディング規約に違反しています","author":"siro sato@company.com","date":"2024-08-10 00:00:00.000000","status_str":"CONFIRMED"},"detectionStatus":1,"detectedAt":"2021-10-12 00:00:00.000000","fixedAt":null,"bugPathLength":3,"details":"Path: func1() -> func2()","analyzerName":"CodeSonar","guidelines":[],"product":"mydemo"},{"runId":2,"checkerId":"1505","bugHash":"lbhdrxizni3movjmggatwfb5dajmesxd","checkedFile":"src/example25.hpp","checkerMsg":" 配列の境界チェックがされていません。 ","reportId":666,"fileId":737,"line":12,"column":19,"severity":10,"reviewData":{"status":3,"comment":"意図的な実装です","author":"saburo tanaka@company.com","date":"2024-09-30 00:00:00.000000","status_str":"INTENTIONAL"},"detectionStatus":2,"detectedAt":"2021-06-30 00:00:00.000000","fixedAt":"2023-01-20 00:00:00.000000","bugPathLength":4,"details":"Path: func1() -> func2()","analyzerName":"Coverity","guidelines":[],"product":"mydemo"},{"runId":5,"checkerId":"0940","bugHash":"zpis9q9phg96jm1isbiwf0mcotrwiqwh","checkedFile":"src/example19.c","checkerMsg":" 配列の境界チェックがされていません。 ","reportId":135,"fileId":30,"line":38,"column":79,"severity":10,"reviewData":{"status":2,"comment":"","author":"jiro suzuki@companu.com","date":"2024-04-07 00:00:00.000000","status_str":"FALSE_POSITIVE"},"detectionStatus":1,"detectedAt":"2021-07-06 00:00:00.000000","fixedAt":null,"bugPathLength":1,"details":null,"analyzerName":"CodeSonar","guidelines":[],"product":"safety_system"},{"runId":1,"checkerId":"2022","bugHash":"umittwfszxrktjp4ubvphvb6kslt2k73","checkedFile":"src/example14.c","checkerMsg":" 配列の境界チェックがされていません。 ","reportId":107,"fileId":390,"line":37,"column":54,"severity":30,"reviewData":{"status":3,"comment":"FalsePositive - 実際には問題ないコードです","author":"siro sato@company.com","date":"2022-02-04 00:00:00.000000","status_str":"INTENTIONAL"},"detectionStatus":2,"detectedAt":"2021-04-14 00:00:00.000000","fixedAt":"2023-08-03 00:00:00.000000","bugPathLength":1,"details":"Path: func1() -> func2()","analyzerName":"Clang-Tidy","guidelines":[],"product":"mydemo"},{"runId":10,"checkerId":"0914","bugHash":"7nvnvphub12fxcbxo9vte7eelugz1cb7","checkedFile":"src/example97.hpp","checkerMsg":" 関数型の仮引数並びを空にすると、C++言語では異なる意味になります。 ","reportId":641,"fileId":978,"line":18,"column":67,"severity":20,"reviewData":{"status":1,"comment":"これは確認済みの問題です","author":"saburo tanaka@company.com","date":"2025-03-21 00:00:00.000000","status_str":"CONFIRMED"},"detectionStatus":3,"detectedAt":"2022-09-10 00:00:00.000000","fixedAt":"2022-09-17 00:00:00.000000","bugPathLength":1,"details":"Path: func1() -> func2()","analyzerName":"Coverity","guidelines":[],"product":"engine_control"},{"runId":8,"checkerId":"2022","bugHash":"kxlnttuzzwzt1iplydujtdvvbmwwbsbv","checkedFile":"src/example3.h","checkerMsg":" 仮定義が使用されています。可能であれば明示的な初期化子を記述して下さい。 ","reportId":376,"fileId":818,"line":39,"column":56,"severity":0,"reviewData":{"status":3,"comment":"FalsePositive - 実際には問題ないコードです","author":"saburo tanaka@company.com","date":"2024-06-23 00:00:00.000000","status_str":"INTENTIONAL"},"detectionStatus":3,"detectedAt":"2024-03-16 00:00:00.000000","fixedAt":null,"bugPathLength":2,"details":null,"analyzerName":"Coverity","guidelines":[],"product":"mydemo"},{"runId":9,"checkerId":"0940","bugHash":"3xyf6nomrx7t2q8g57y0c19kxl8wgvh9","checkedFile":"src/example30.c","checkerMsg":" 仮定義が使用されています。可能であれば明示的な初期化子を記述して下さい。 ","reportId":886,"fileId":314,"line":6,"column":71,"severity":20,"reviewData":{"status":2,"comment":"FalsePositive - 実際には問題ないコードです","author":"taro yamada@company.com","date":"2024-10-28 00:00:00.000000","status_str":"FALSE_POSITIVE"},"detectionStatus":1,"detectedAt":"2023-10-30 00:00:00.000000","fixedAt":null,"bugPathLength":5,"details":"Path: func1() -> func2()","analyzerName":"Clang-Tidy","guidelines":[],"product":"engine_control"},{"runId":4,"checkerId":"1505","bugHash":"1sgrfae4uj2u9impam8ilfl1b0wkdbcb","checkedFile":"src/example81.cpp","checkerMsg":" 配列の境界チェックがされていません。 ","reportId":810,"fileId":88,"line":7,"column":67,"severity":10,"reviewData":{"status":3,"comment":"FalsePositive - 実際には問題ないコードです","author":"taro yamada@company.com","date":"2023-05-03 00:00:00.000000","status_str":"INTENTIONAL"},"detectionStatus":2,"detectedAt":"2021-10-04 00:00:00.000000","fixedAt":null,"bugPathLength":2,"details":"Path: func1() -> func2()","analyzerName":"QAC","guidelines":[],"product":"car_project"},{"runId":4,"checkerId":"1303","bugHash":"fz1lorg005rcj7kxhkxpgqxgfto1g6el","checkedFile":"src/example36.c","checkerMsg":" [U] ソースファイルの末尾が改行文字で終了していません。 ","reportId":193,"fileId":630,"line":2,"column":5,"severity":20,"reviewData":{"status":2,"comment":"#Rule-1.3 違反","author":"taro yamada@company.com","date":"2025-08-28 00:00:00.000000","status_str":"FALSE_POSITIVE"},"detectionStatus":3,"detectedAt":"2020-11-26 00:00:00.000000","fixedAt":"2023-12-07 00:00:00.000000","bugPathLength":3,"details":"Path: func1() -> func2()","analyzerName":"Clang-Tidy","guidelines":[],"product":"safety_system"},{"runId":2,"checkerId":"0914","bugHash":"jd8s5wiyt8dkghdu3xz3zwj9ehchxh1s","checkedFile":"src/example56.cpp","checkerMsg":" 変数が使用される前に初期化されていません。 ","reportId":637,"fileId":278,"line":12,"column":28,"severity":0,"reviewData":{"status":1,"comment":"これは確認済みの問題です","author":"siro sato@company.com","date":"2025-02-28 00:00:00.000000","status_str":"CONFIRMED"},"detectionStatus":3,"detectedAt":"2020-10-22 00:00:00.000000","fixedAt":"2022-12-24 00:00:00.000000","bugPathLength":2,"details":null,"analyzerName":"CodeSonar","guidelines":[],"product":"safety_system"},{"runId":6,"checkerId":"2022","bugHash":"huez9gq2gclemi43ae1rm0iaxwp2gx51","checkedFile":"src/example67.c","checkerMsg":" 関数型の仮引数並びを空にすると、C++言語では異なる意味になります。 ","reportId":491,"fileId":986,"line":35,"column":71,"severity":40,"reviewData":{"status":1,"comment":"","author":"siro sato@company.com","date":"2025-10-09 00:00:00.000000","status_str":"CONFIRMED"},"detectionStatus":1,"detectedAt":"2025-10-09 00:00:00.000000","fixedAt":null,"bugPathLength":4,"details":null,"analyzerName":"Clang-Tidy","guidelines":[],"product":"engine_control"},{"runId":1,"checkerId":"3200","bugHash":"dwgwcf21eotilypvqkxfbcf1kirpmqbj","checkedFile":"src/example52.hpp","checkerMsg":" 仮定義が使用されています。可能であれば明示的な初期化子を記述して下さい。 ","reportId":919,"fileId":94,"line":19,"column":65,"severity":10,"reviewData":{"status":3,"comment":"","author":"jiro suzuki@companu.com","date":"2023-04-15 00:00:00.000000","status_str":"INTENTIONAL"},"detectionStatus":2,"detectedAt":"2020-06-06 00:00:00.000000","fixedAt":null,"bugPathLength":5,"details":"Path: func1() -> func2()","analyzerName":"Coverity","guidelines":[],"product":"engine_control"},{"runId":5,"checkerId":"0940","bugHash":"qftda9zir7vizfgwfho14e8r2hzilcre","checkedFile":"src/example99.c","checkerMsg":" 配列の境界チェックがされていません。 ","reportId":920,"fileId":744,"line":8,"column":20,"severity":0,"reviewData":{"status":3,"comment":"","author":"siro sato@company.com","date":"2025-04-18 00:00:00.000000","status_str":"INTENTIONAL"},"detectionStatus":3,"detectedAt":"2021-06-14 00:00:00.000000","fixedAt":"2021-10-24 00:00:00.000000","bugPathLength":3,"details":"Path: func1() -> func2()","analyzerName":"CodeSonar","guidelines":[],"product":"safety_system"},{"runId":6,"checkerId":"1303","bugHash":"ncpaq1xoccc4fy2uj9gyf0xyohhjdfoq","checkedFile":"src/example2.h","checkerMsg":" 仮定義が使用されています。可能であれば明示的な初期化子を記述して下さい。 ","reportId":463,"fileId":946,"line":32,"column":44,"severity":40,"reviewData":{"status":3,"comment":"意図的な実装です","author":"siro sato@company.com","date":"2021-11-25 00:00:00.000000","status_str":"INTENTIONAL"},"detectionStatus":1,"detectedAt":"2020-12-09 00:00:00.000000","fixedAt":null,"bugPathLength":3,"details":"Path: func1() -> func2()","analyzerName":"Clang-Tidy","guidelines":[],"product":"engine_control"},{"runId":9,"checkerId":"1505","bugHash":"wseoths1cxmn5vy6umcx4uyvsudmkyol","checkedFile":"src/example31.h","checkerMsg":" 配列の境界チェックがされていません。 ","reportId":597,"fileId":721,"line":18,"column":23,"severity":10,"reviewData":{"status":2,"comment":"#Rule-1.3 違反","author":"saburo tanaka@company.com","date":"2020-10-17 00:00:00.000000","status_str":"FALSE_POSITIVE"},"detectionStatus":3,"detectedAt":"2020-07-10 00:00:00.000000","fixedAt":null,"bugPathLength":1,"details":null,"analyzerName":"CodeSonar","guidelines":[],"product":"engine_control"},{"runId":6,"checkerId":"1505","bugHash":"a5aa0tddoza6wbjczsb1z6wzli9zvede","checkedFile":"src/example25.cpp","checkerMsg":" 配列の境界チェックがされていません。 ","reportId":686,"fileId":432,"line":22,"column":40,"severity":40,"reviewData":{"status":2,"comment":"FalsePositive - 実際には問題ないコードです","author":"saburo tanaka@company.com","date":"2025-09-15 00:00:00.000000","status_str":"FALSE_POSITIVE"},"detectionStatus":2,"detectedAt":"2025-04-06 00:00:00.000000","fixedAt":"2025-09-09 00:00:00.000000","bugPathLength":3,"details":"Path: func1() -> func2()","analyzerName":"Coverity","guidelines":[],"product":"engine_control"},{"runId":6,"checkerId":"1505","bugHash":"xocptftqdnzvndp4yqyomlysvxp6zmtg","checkedFile":"src/example38.hpp","checkerMsg":" 仮定義が使用されています。可能であれば明示的な初期化子を記述して下さい。 ","reportId":908,"fileId":281,"line":38,"column":34,"severity":10,"reviewData":{"status":1,"comment":"FalsePositive - 実際には問題ないコードです","author":"siro sato@company.com","date":"2022-02-17 00:00:00.000000","status_str":"CONFIRMED"},"detectionStatus":3,"detectedAt":"2020-10-04 00:00:00.000000","fixedAt":null,"bugPathLength":3,"details":"Path: func1() -> func2()","analyzerName":"CodeSonar","guidelines":[],"product":"engine_control"},{"runId":1,"checkerId":"1303","bugHash":"bm9gb3wupihhebmuvmndjkouzpz9in8i","checkedFile":"src/example19.cpp","checkerMsg":" 関数型の仮引数並びを空にすると、C++言語では異なる意味になります。 ","reportId":549,"fileId":530,"line":13,"column":54,"severity":40,"reviewData":{"status":1,"comment":"コーディング規約に違反しています","author":"jiro suzuki@companu.com","date":"2022-05-12 00:00:00.000000","status_str":"CONFIRMED"},"detectionStatus":2,"detectedAt":"2021-10-24 00:00:00.000000","fixedAt":"2022-11-25 00:00:00.000000","bugPathLength":3,"details":"Path: func1() -> func2()","analyzerName":"CodeSonar","guidelines":[],"product":"safety_system"},{"runId":4,"checkerId":"1303","bugHash":"xpb6ylo1gsgt4nvovojfsrqmfuf5lbuq","checkedFile":"src/example97.c","checkerMsg":" 配列の境界チェックがされていません。 ","reportId":244,"fileId":974,"line":9,"column":16,"severity":0,"reviewData":{"status":1,"comment":"これは確認済みの問題です","author":"taro yamada@company.com","date":"2025-08-27 00:00:00.000000","status_str":"CONFIRMED"},"detectionStatus":2,"detectedAt":"2023-03-21 00:00:00.000000","fixedAt":null,"bugPathLength":4,"details":"Path: func1() -> func2()","analyzerName":"QAC","guidelines":[],"product":"engine_control"},{"runId":1,"checkerId":"0914","bugHash":"rklr4g5evqejm8gsfss68oijiq7tmwog","checkedFile":"src/example12.hpp","checkerMsg":" 仮定義が使用されています。可能であれば明示的な初期化子を記述して下さい。 ","reportId":577,"fileId":708,"line":18,"column":13,"severity":10,"reviewData":{"status":1,"comment":"","author":"saburo tanaka@company.com","date":"2025-10-02 00:00:00.000000","status_str":"CONFIRMED"},"detectionStatus":1,"detectedAt":"2024-12-28 00:00:00.000000","fixedAt":"2025-09-05 00:00:00.000000","bugPathLength":5,"details":"Path: func1() -> func2()","analyzerName":"Coverity","guidelines":[],"product":"car_project"},{"runId":10,"checkerId":"2022","bugHash":"u2hqck4uzay5uuhx54j3qtazl0xslicm","checkedFile":"src/example83.cpp","checkerMsg":" 配列の境界チェックがされていません。 ","reportId":130,"fileId":188,"line":20,"column":67,"severity":10,"reviewData":{"status":3,"comment":"意図的な実装です","author":"saburo tanaka@company.com","date":"2023-10-13 00:00:00.000000","status_str":"INTENTIONAL"},"detectionStatus":3,"detectedAt":"2023-02-09 00:00:00.000000","fixedAt":"2023-04-28 00:00:00.000000","bugPathLength":3,"details":null,"analyzerName":"CodeSonar","guidelines":[],"product":"car_project"},{"runId":2,"checkerId":"0940","bugHash":"5qtusvvf9nldrqldiicnazkbec5qa3g4","checkedFile":"src/example68.cpp","checkerMsg":" 仮定義が使用されています。可能であれば明示的な初期化子を記述して下さい。 ","reportId":944,"fileId":456,"line":26,"column":12,"severity":10,"reviewData":{"status":3,"comment":"これは確認済みの問題です","author":"jiro suzuki@companu.com","date":"2025-08-27 00:00:00.000000","status_str":"INTENTIONAL"},"detectionStatus":3,"detectedAt":"2025-05-26 00:00:00.000000","fixedAt":null,"bugPathLength":4,"details":null,"analyzerName":"Coverity","guidelines":[],"product":"engine_control"},{"runId":9,"checkerId":"1303","bugHash":"6b84xehbtylzwt6wmytib63bdfgxh6fl","checkedFile":"src/example97.hpp","checkerMsg":" 関数型の仮引数並びを空にすると、C++言語では異なる意味になります。 ","reportId":931,"fileId":826,"line":46,"column":5,"severity":30,"reviewData":{"status":3,"comment":"FalsePositive - 実際には問題ないコードです","author":"taro yamada@company.com","date":"2022-05-27 00:00:00.000000","status_str":"INTENTIONAL"},"detectionStatus":2,"detectedAt":"2021-06-24 00:00:00.000000","fixedAt":null,"bugPathLength":5,"details":"Path: func1() -> func2()","analyzerName":"CodeSonar","guidelines":[],"product":"safety_system"},{"runId":2,"checkerId":"0914","bugHash":"diup0c3wmwgfldy704g3ntftgys5hvvw","checkedFile":"src/example78.cpp","checkerMsg":" 仮定義が使用されています。可能であれば明示的な初期化子を記述して下さい。 ","reportId":743,"fileId":687,"line":4,"column":32,"severity":10,"reviewData":{"status":2,"comment":"意図的な実装です","author":"jiro suzuki@companu.com","date":"2025-09-13 00:00:00.000000","status_str":"FALSE_POSITIVE"},"detectionStatus":1,"detectedAt":"2025-08-16 00:00:00.000000","fixedAt":"2025-09-25 00:00:00.000000","bugPathLength":1,"details":null,"analyzerName":"Coverity","guidelines":[],"product":"mydemo"},{"runId":8,"checkerId":"3200","bugHash":"hofxwhp9xamc3q4flwbisybsrnvq6nhr","checkedFile":"src/example82.h","checkerMsg":" 配列の境界チェックがされていません。 ","reportId":204,"fileId":446,"line":44,"column":24,"severity":30,"reviewData":{"status":3,"comment":"#Rule-1.3 違反","author":"taro yamada@company.com","date":"2024-03-22 00:00:00.000000","status_str":"INTENTIONAL"},"detectionStatus":2,"detectedAt":"2021-04-01 00:00:00.000000","fixedAt":null,"bugPathLength":5,"details":null,"analyzerName":"QAC","guidelines":[],"product":"safety_system"},{"runId":2,"checkerId":"1505","bugHash":"6zxh00jlifp0s10utuqkv5cqtzrcg9g7","checkedFile":"src/example68.hpp","checkerMsg":" 関数型の仮引数並びを空にすると、C++言語では異なる意味になります。 ","reportId":947,"fileId":349,"line":16,"column":63,"severity":30,"reviewData":{"status":1,"comment":"FalsePositive - 実際には問題ないコードです","author":"jiro suzuki@companu.com","date":"2024-04-14 00:00:00.000000","status_str":"CONFIRMED"},"detectionStatus":2,"detectedAt":"2021-08-10 00:00:00.000000","fixedAt":null,"bugPathLength":4,"details":"Path: func1() -> func2()","analyzerName":"QAC","guidelines":[],"product":"mydemo"},{"runId":6,"checkerId":"0914","bugHash":"t5b21keclwbubdjw8r6ouv4j65lfek6e","checkedFile":"src/example72.cpp","checkerMsg":" [U] ソースファイルの末尾が改行文字で終了していません。 ","reportId":710,"fileId":705,"line":13,"column":21,"severity":0,"reviewData":{"status":1,"comment":"意図的な実装です","author":"taro yamada@company.com","date":"2024-02-11 00:00:00.000000","status_str":"CONFIRMED"},"detectionStatus":3,"detectedAt":"2023-08-25 00:00:00.000000","fixedAt":null,"bugPathLength":2,"details":"Path: func1() -> func2()","analyzerName":"CodeSonar","guidelines":[],"product":"engine_control"},{"runId":1,"checkerId":"2022","bugHash":"ronhcpkzx8h66rvphcci7wujqd8qmspp","checkedFile":"src/example9.hpp","checkerMsg":" [U] ソースファイルの末尾が改行文字で終了していません。 ","reportId":261,"fileId":298,"line":42,"column":68,"severity":40,"reviewData":{"status":1,"comment":"FalsePositive - 実際には問題ないコードです","author":"siro sato@company.com","date":"2023-05-03 00:00:00.000000","status_str":"CONFIRMED"},"detectionStatus":1,"detectedAt":"2022-03-19 00:00:00.000000","fixedAt":null,"bugPathLength":4,"details":"Path: func1() -> func2()","analyzerName":"Coverity","guidelines":[],"product":"safety_system"},{"runId":6,"checkerId":"1505","bugHash":"osofrvby48dmguk9maae8dfdbeq0tucj","checkedFile":"src/example98.hpp","checkerMsg":" 関数型の仮引数並びを空にすると、C++言語では異なる意味になります。 ","reportId":349,"fileId":182,"line":26,"column":28,"severity":40,"reviewData":{"status":3,"comment":"#Rule-1.3 違反","author":"siro sato@company.com","date":"2024-02-29 00:00:00.000000","status_str":"INTENTIONAL"},"detectionStatus":3,"detectedAt":"2024-01-03 00:00:00.000000","fixedAt":"2025-04-01 00:00:00.000000","bugPathLength":1,"details":"Path: func1() -> func2()","analyzerName":"CodeSonar","guidelines":[],"product":"safety_system"},{"runId":10,"checkerId":"1505","bugHash":"uvpz68g3rwka12whweq5hxmi4u9buqle","checkedFile":"src/example24.cpp","checkerMsg":" 変数が使用される前に初期化されていません。 ","reportId":426,"fileId":498,"line":35,"column":19,"severity":40,"reviewData":{"status":2,"comment":"コーディング規約に違反しています","author":"siro sato@company.com","date":"2025-09-20 00:00:00.000000","status_str":"FALSE_POSITIVE"},"detectionStatus":1,"detectedAt":"2024-04-17 00:00:00.000000","fixedAt":null,"bugPathLength":3,"details":null,"analyzerName":"Clang-Tidy","guidelines":[],"product":"car_project"},{"runId":1,"checkerId":"0940","bugHash":"0vhsa2neta1ryant8q2jryen2ccsxxhz","checkedFile":"src/example61.c","checkerMsg":" [U] ソースファイルの末尾が改行文字で終了していません。 ","reportId":384,"fileId":411,"line":44,"column":59,"severity":10,"reviewData":{"status":3,"comment":"","author":"siro sato@company.com","date":"2024-06-29 00:00:00.000000","status_str":"INTENTIONAL"},"detectionStatus":2,"detectedAt":"2023-08-05 00:00:00.000000","fixedAt":"2024-02-10 00:00:00.000000","bugPathLength":1,"details":"Path: func1() -> func2()","analyzerName":"Coverity","guidelines":[],"product":"engine_control"},{"runId":1,"checkerId":"1900","bugHash":"8d2yznelko7cyhdjftpxpwhjhov1gujb","checkedFile":"src/example24.cpp","checkerMsg":" 変数が使用される前に初期化されていません。 ","reportId":628,"fileId":567,"line":49,"column":18,"severity":0,"reviewData":{"status":3,"comment":"これは確認済みの問題です","author":"saburo tanaka@company.com","date":"2024-07-29 00:00:00.000000","status_str":"INTENTIONAL"},"detectionStatus":3,"detectedAt":"2024-05-30 00:00:00.000000","fixedAt":"2025-06-14 00:00:00.000000","bugPathLength":3,"details":"Path: func1() -> func2()","analyzerName":"Clang-Tidy","guidelines":[],"product":"mydemo"},{"runId":5,"checkerId":"2120","bugHash":"8sumpcv5p4uulbxwmdkdgs61pcsbbckm","checkedFile":"src/example37.hpp","checkerMsg":" 仮定義が使用されています。可能であれば明示的な初期化子を記述して下さい。 ","reportId":248,"fileId":462,"line":50,"column":57,"severity":0,"reviewData":{"status":1,"comment":"コーディング規約に違反しています","author":"saburo tanaka@company.com","date":"2025-06-16 00:00:00.000000","status_str":"CONFIRMED"},"detectionStatus":2,"detectedAt":"2023-10-14 00:00:00.000000","fixedAt":null,"bugPathLength":4,"details":null,"analyzerName":"Coverity","guidelines":[],"product":"safety_system"},{"runId":8,"checkerId":"2120","bugHash":"gqsrnptfdn2tmilap31evwy0rdsfoja3","checkedFile":"src/example7.cpp","checkerMsg":" 配列の境界チェックがされていません。 ","reportId":777,"fileId":352,"line":37,"column":60,"severity":10,"reviewData":{"status":1,"comment":"これは確認済みの問題です","author":"saburo tanaka@company.com","date":"2023-10-05 00:00:00.000000","status_str":"CONFIRMED"},"detectionStatus":2,"detectedAt":"2023-09-01 00:00:00.000000","fixedAt":"2024-11-29 00:00:00.000000","bugPathLength":3,"details":null,"analyzerName":"Clang-Tidy","guidelines":[],"product":"safety_system"},{"runId":10,"checkerId":"0940","bugHash":"jlvt1khgjwdvceq88d10fye5tvpkysey","checkedFile":"src/example31.c","checkerMsg":" 仮定義が使用されています。可能であれば明示的な初期化子を記述して下さい。 ","reportId":286,"fileId":415,"line":48,"column":10,"severity":30,"reviewData":{"status":3,"comment":"","author":"saburo tanaka@company.com","date":"2024-12-19 00:00:00.000000","status_str":"INTENTIONAL"},"detectionStatus":1,"detectedAt":"2024-09-09 00:00:00.000000","fixedAt":"2025-05-05 00:00:00.000000","bugPathLength":1,"details":null,"analyzerName":"CodeSonar","guidelines":[],"product":"mydemo"},{"runId":8,"checkerId":"3200","bugHash":"dx8shdwp5yzs7ruoiibremtf7ujvc0tw","checkedFile":"src/example41.c","checkerMsg":" 配列の境界チェックがされていません。 ","reportId":188,"fileId":565,"line":37,"column":79,"severity":20,"reviewData":{"status":1,"comment":"","author":"taro yamada@company.com","date":"2025-02-04 00:00:00.000000","status_str":"CONFIRMED"},"detectionStatus":2,"detectedAt":"2022-12-01 00:00:00.000000","fixedAt":"2025-04-10 00:00:00.000000","bugPathLength":5,"details":null,"analyzerName":"Coverity","guidelines":[],"product":"car_project"},{"runId":8,"checkerId":"2120","bugHash":"kdgdcbov4eramiceblthwkqinxrwfstd","checkedFile":"src/example34.c","checkerMsg":" 仮定義が使用されています。可能であれば明示的な初期化子を記述して下さい。 ","reportId":665,"fileId":982,"line":42,"column":36,"severity":20,"reviewData":{"status":3,"comment":"#Rule-1.3 違反","author":"siro sato@company.com","date":"2025-02-13 00:00:00.000000","status_str":"INTENTIONAL"},"detectionStatus":1,"detectedAt":"2024-09-01 00:00:00.000000","fixedAt":null,"bugPathLength":4,"details":"Path: func1() -> func2()","analyzerName":"Clang-Tidy","guidelines":[],"product":"car_project"},{"runId":10,"checkerId":"2120","bugHash":"zxpe4hjm7gjtj0snqnjwrfyu9irovgqo","checkedFile":"src/example46.cpp","checkerMsg":" 関数型の仮引数並びを空にすると、C++言語では異なる意味になります。 ","reportId":149,"fileId":648,"line":24,"column":29,"severity":20,"reviewData":{"status":1,"comment":"","author":"jiro suzuki@companu.com","date":"2025-05-21 00:00:00.000000","status_str":"CONFIRMED"},"detectionStatus":3,"detectedAt":"2024-12-24 00:00:00.000000","fixedAt":null,"bugPathLength":1,"details":"Path: func1() -> func2()","analyzerName":"Clang-Tidy","guidelines":[],"product":"car_project"},{"runId":6,"checkerId":"2120","bugHash":"ekkbatongqyadr7dh0fpm0kroixzyabs","checkedFile":"src/example12.h","checkerMsg":" 変数が使用される前に初期化されていません。 ","reportId":874,"fileId":990,"line":19,"column":30,"severity":40,"reviewData":{"status":3,"comment":"意図的な実装です","author":"saburo tanaka@company.com","date":"2020-10-07 00:00:00.000000","status_str":"INTENTIONAL"},"detectionStatus":2,"detectedAt":"2020-10-02 00:00:00.000000","fixedAt":"2025-09-10 00:00:00.000000","bugPathLength":2,"details":"Path: func1() -> func2()","analyzerName":"QAC","guidelines":[],"product":"car_project"},{"runId":2,"checkerId":"0914","bugHash":"t4rtsojqgegknyztbgzuqausoudcacbc","checkedFile":"src/example35.hpp","checkerMsg":" [U] ソースファイルの末尾が改行文字で終了していません。 ","reportId":222,"fileId":337,"line":30,"column":25,"severity":10,"reviewData":{"status":2,"comment":"意図的な実装です","author":"taro yamada@company.com","date":"2025-08-15 00:00:00.000000","status_str":"FALSE_POSITIVE"},"detectionStatus":2,"detectedAt":"2023-02-25 00:00:00.000000","fixedAt":"2023-07-09 00:00:00.000000","bugPathLength":4,"details":"Path: func1() -> func2()","analyzerName":"Clang-Tidy","guidelines":[],"product":"safety_system"},{"runId":10,"checkerId":"2120","bugHash":"xxpmdbxbz72zkmtzf7302lwbdofvin2a","checkedFile":"src/example86.hpp","checkerMsg":" 仮定義が使用されています。可能であれば明示的な初期化子を記述して下さい。 ","reportId":811,"fileId":392,"line":50,"column":1,"severity":0,"reviewData":{"status":1,"comment":"","author":"taro yamada@company.com","date":"2025-02-23 00:00:00.000000","status_str":"CONFIRMED"},"detectionStatus":3,"detectedAt":"2023-12-05 00:00:00.000000","fixedAt":null,"bugPathLength":3,"details":"Path: func1() -> func2()","analyzerName":"QAC","guidelines":[],"product":"car_project"},{"runId":9,"checkerId":"2120","bugHash":"mv4jvp1yufeurnbgeibpizkbkhzuvx15","checkedFile":"src/example74.hpp","checkerMsg":" 仮定義が使用されています。可能であれば明示的な初期化子を記述して下さい。 ","reportId":354,"fileId":228,"line":19,"column":46,"severity":20,"reviewData":{"status":1,"comment":"#Rule-1.3 違反","author":"saburo tanaka@company.com","date":"2025-10-03 00:00:00.000000","status_str":"CONFIRMED"},"detectionStatus":3,"detectedAt":"2025-07-16 00:00:00.000000","fixedAt":null,"bugPathLength":4,"details":"Path: func1() -> func2()","analyzerName":"QAC","guidelines":[],"product":"safety_system"},{"runId":7,"checkerId":"3200","bugHash":"fzc7mtwznwcdogakg7z2vcfybrsworcl","checkedFile":"src/example56.hpp","checkerMsg":" [U] ソースファイルの末尾が改行文字で終了していません。 ","reportId":498,"fileId":875,"line":12,"column":23,"severity":10,"reviewData":{"status":1,"comment":"FalsePositive - 実際には問題ないコードです","author":"saburo tanaka@company.com","date":"2025-01-02 00:00:00.000000","status_str":"CONFIRMED"},"detectionStatus":2,"detectedAt":"2021-01-05 00:00:00.000000","fixedAt":null,"bugPathLength":2,"details":null,"analyzerName":"QAC","guidelines":[],"product":"car_project"},{"runId":6,"checkerId":"1303","bugHash":"pwtolctw2ntfr84qwqdbv7btur1wenus","checkedFile":"src/example29.h","checkerMsg":" 関数型の仮引数並びを空にすると、C++言語では異なる意味になります。 ","reportId":171,"fileId":891,"line":49,"column":5,"severity":20,"reviewData":{"status":2,"comment":"コーディング規約に違反しています","author":"jiro suzuki@companu.com","date":"2024-05-27 00:00:00.000000","status_str":"FALSE_POSITIVE"},"detectionStatus":2,"detectedAt":"2021-03-09 00:00:00.000000","fixedAt":null,"bugPathLength":5,"details":null,"analyzerName":"Coverity","guidelines":[],"product":"mydemo"},{"runId":4,"checkerId":"1303","bugHash":"2agqp2lb14lwbybahvjrdwzmshbcn20v","checkedFile":"src/example92.hpp","checkerMsg":" 変数が使用される前に初期化されていません。 ","reportId":231,"fileId":253,"line":16,"column":72,"severity":40,"reviewData":{"status":2,"comment":"#Rule-1.3 違反","author":"siro sato@company.com","date":"2025-07-06 00:00:00.000000","status_str":"FALSE_POSITIVE"},"detectionStatus":2,"detectedAt":"2024-10-05 00:00:00.000000","fixedAt":null,"bugPathLength":1,"details":null,"analyzerName":"QAC","guidelines":[],"product":"engine_control"},{"runId":4,"checkerId":"0914","bugHash":"1zcqjeo7lhzr307akcnlxqu6omoqrd40","checkedFile":"src/example48.cpp","checkerMsg":" 変数が使用される前に初期化されていません。 ","reportId":116,"fileId":127,"line":38,"column":13,"severity":0,"reviewData":{"status":2,"comment":"これは確認済みの問題です","author":"saburo tanaka@company.com","date":"2025-10-02 00:00:00.000000","status_str":"FALSE_POSITIVE"},"detectionStatus":1,"detectedAt":"2025-06-03 00:00:00.000000","fixedAt":null,"bugPathLength":2,"details":"Path: func1() -> func2()","analyzerName":"CodeSonar","guidelines":[],"product":"engine_control"},{"runId":9,"checkerId":"0940","bugHash":"3tdb2hiski78kmijnefsufqs5xhjdf8n","checkedFile":"src/example21.h","checkerMsg":" 配列の境界チェックがされていません。 ","reportId":352,"fileId":647,"line":34,"column":75,"severity":0,"reviewData":{"status":3,"comment":"#Rule-1.3 違反","author":"jiro suzuki@companu.com","date":"2025-10-04 00:00:00.000000","status_str":"INTENTIONAL"},"detectionStatus":1,"detectedAt":"2025-09-14 00:00:00.000000","fixedAt":null,"bugPathLength":2,"details":"Path: func1() -> func2()","analyzerName":"QAC","guidelines":[],"product":"mydemo"},{"runId":3,"checkerId":"2022","bugHash":"lrm79kancojdxbmkek4yncabwrrijup4","checkedFile":"src/example23.h","checkerMsg":" 変数が使用される前に初期化されていません。 ","reportId":439,"fileId":607,"line":31,"column":75,"severity":20,"reviewData":{"status":1,"comment":"コーディング規約に違反しています","author":"jiro suzuki@companu.com","date":"2025-01-22 00:00:00.000000","status_str":"CONFIRMED"},"detectionStatus":3,"detectedAt":"2020-09-17 00:00:00.000000","fixedAt":null,"bugPathLength":2,"details":"Path: func1() -> func2()","analyzerName":"Clang-Tidy","guidelines":[],"product":"safety_system"},{"runId":7,"checkerId":"1505","bugHash":"r1k5xmshmr1e7ih6zenfhbm1ctclgvu4","checkedFile":"src/example59.c","checkerMsg":" 配列の境界チェックがされていません。 ","reportId":316,"fileId":365,"line":28,"column":11,"severity":20,"reviewData":{"status":3,"comment":"意図的な実装です","author":"taro yamada@company.com","date":"2025-10-06 00:00:00.000000","status_str":"INTENTIONAL"},"detectionStatus":2,"detectedAt":"2021-02-16 00:00:00.000000","fixedAt":"2021-09-23 00:00:00.000000","bugPathLength":2,"details":null,"analyzerName":"Coverity","guidelines":[],"product":"engine_control"},{"runId":2,"checkerId":"1303","bugHash":"kdpgmqg7li1e1mvkzmor8bbblvbvrdxa","checkedFile":"src/example46.h","checkerMsg":" 仮定義が使用されています。可能であれば明示的な初期化子を記述して下さい。 ","reportId":105,"fileId":423,"line":40,"column":45,"severity":10,"reviewData":{"status":1,"comment":"","author":"saburo tanaka@company.com","date":"2025-08-24 00:00:00.000000","status_str":"CONFIRMED"},"detectionStatus":3,"detectedAt":"2023-09-30 00:00:00.000000","fixedAt":"2024-04-17 00:00:00.000000","bugPathLength":5,"details":"Path: func1() -> func2()","analyzerName":"Clang-Tidy","guidelines":[],"product":"engine_control"},{"runId":9,"checkerId":"1303","bugHash":"dwnwyazifmmebtto6tfxdcros6lcqfjy","checkedFile":"src/example73.h","checkerMsg":" [U] ソースファイルの末尾が改行文字で終了していません。 ","reportId":434,"fileId":685,"line":18,"column":77,"severity":0,"reviewData":{"status":3,"comment":"これは確認済みの問題です","author":"taro yamada@company.com","date":"2025-04-02 00:00:00.000000","status_str":"INTENTIONAL"},"detectionStatus":2,"detectedAt":"2022-11-10 00:00:00.000000","fixedAt":null,"bugPathLength":4,"details":null,"analyzerName":"CodeSonar","guidelines":[],"product":"engine_control"},{"runId":3,"checkerId":"1900","bugHash":"rizwjvbw6qhmbqa8q07m48hadhbnldwf","checkedFile":"src/example94.hpp","checkerMsg":" [U] ソースファイルの末尾が改行文字で終了していません。 ","reportId":597,"fileId":12,"line":37,"column":33,"severity":30,"reviewData":{"status":3,"comment":"FalsePositive - 実際には問題ないコードです","author":"jiro suzuki@companu.com","date":"2025-07-08 00:00:00.000000","status_str":"INTENTIONAL"},"detectionStatus":3,"detectedAt":"2024-12-25 00:00:00.000000","fixedAt":null,"bugPathLength":3,"details":"Path: func1() -> func2()","analyzerName":"Clang-Tidy","guidelines":[],"product":"mydemo"},{"runId":4,"checkerId":"2022","bugHash":"inlxboofqosdjevixiqo2pjgysmhjqyp","checkedFile":"src/example64.c","checkerMsg":" [U] ソースファイルの末尾が改行文字で終了していません。 ","reportId":230,"fileId":790,"line":32,"column":9,"severity":20,"reviewData":{"status":1,"comment":"","author":"saburo tanaka@company.com","date":"2025-09-21 00:00:00.000000","status_str":"CONFIRMED"},"detectionStatus":3,"detectedAt":"2025-09-19 00:00:00.000000","fixedAt":null,"bugPathLength":3,"details":null,"analyzerName":"Coverity","guidelines":[],"product":"engine_control"},{"runId":3,"checkerId":"1900","bugHash":"dxtjfo1nhiwsjbhrogkgy2retoisrnrw","checkedFile":"src/example84.hpp","checkerMsg":" [U] ソースファイルの末尾が改行文字で終了していません。 ","reportId":442,"fileId":70,"line":12,"column":61,"severity":0,"reviewData":{"status":2,"comment":"#Rule-1.3 違反","author":"taro yamada@company.com","date":"2023-08-26 00:00:00.000000","status_str":"FALSE_POSITIVE"},"detectionStatus":2,"detectedAt":"2022-04-05 00:00:00.000000","fixedAt":null,"bugPathLength":3,"details":"Path: func1() -> func2()","analyzerName":"QAC","guidelines":[],"product":"mydemo"},{"runId":3,"checkerId":"1303","bugHash":"metmxfrgnhurik5trind693bh5vvlseo","checkedFile":"src/example21.hpp","checkerMsg":" 仮定義が使用されています。可能であれば明示的な初期化子を記述して下さい。 ","reportId":321,"fileId":94,"line":45,"column":65,"severity":40,"reviewData":{"status":1,"comment":"","author":"jiro suzuki@companu.com","date":"2024-08-12 00:00:00.000000","status_str":"CONFIRMED"},"detectionStatus":1,"detectedAt":"2022-04-13 00:00:00.000000","fixedAt":null,"bugPathLength":3,"details":"Path: func1() -> func2()","analyzerName":"CodeSonar","guidelines":[],"product":"mydemo"},{"runId":2,"checkerId":"2022","bugHash":"fmqia9qateknmzhmktn4q82w5n7qmt5x","checkedFile":"src/example17.hpp","checkerMsg":" 変数が使用される前に初期化されていません。 ","reportId":593,"fileId":755,"line":25,"column":63,"severity":30,"reviewData":{"status":1,"comment":"コーディング規約に違反しています","author":"saburo tanaka@company.com","date":"2024-05-03 00:00:00.000000","status_str":"CONFIRMED"},"detectionStatus":3,"detectedAt":"2020-06-28 00:00:00.000000","fixedAt":null,"bugPathLength":5,"details":"Path: func1() -> func2()","analyzerName":"CodeSonar","guidelines":[],"product":"mydemo"},{"runId":6,"checkerId":"2120","bugHash":"4hyhfuf95jrund3dfyxbbzryuwc3z5xw","checkedFile":"src/example47.c","checkerMsg":" 変数が使用される前に初期化されていません。 ","reportId":124,"fileId":545,"line":2,"column":65,"severity":30,"reviewData":{"status":1,"comment":"意図的な実装です","author":"siro sato@company.com","date":"2025-09-04 00:00:00.000000","status_str":"CONFIRMED"},"detectionStatus":3,"detectedAt":"2025-01-09 00:00:00.000000","fixedAt":"2025-08-20 00:00:00.000000","bugPathLength":4,"details":"Path: func1() -> func2()","analyzerName":"Coverity","guidelines":[],"product":"safety_system"},{"runId":5,"checkerId":"2120","bugHash":"g5t2lwts5xwsvafqykhatf2y2rqdatqk","checkedFile":"src/example28.cpp","checkerMsg":" 仮定義が使用されています。可能であれば明示的な初期化子を記述して下さい。 ","reportId":654,"fileId":554,"line":20,"column":11,"severity":30,"reviewData":{"status":1,"comment":"意図的な実装です","author":"jiro suzuki@companu.com","date":"2024-11-13 00:00:00.000000","status_str":"CONFIRMED"},"detectionStatus":3,"detectedAt":"2022-01-14 00:00:00.000000","fixedAt":null,"bugPathLength":2,"details":"Path: func1() -> func2()","analyzerName":"CodeSonar","guidelines":[],"product":"engine_control"},{"runId":5,"checkerId":"3200","bugHash":"xzlwduynwe7aa70hzlwgnvxudium1lf2","checkedFile":"src/example15.c","checkerMsg":" 関数型の仮引数並びを空にすると、C++言語では異なる意味になります。 ","reportId":967,"fileId":636,"line":33,"column":23,"severity":20,"reviewData":{"status":1,"comment":"FalsePositive - 実際には問題ないコードです","author":"siro sato@company.com","date":"2025-09-26 00:00:00.000000","status_str":"CONFIRMED"},"detectionStatus":1,"detectedAt":"2023-11-19 00:00:00.000000","fixedAt":"2024-06-24 00:00:00.000000","bugPathLength":1,"details":"Path: func1() -> func2()","analyzerName":"Coverity","guidelines":[],"product":"car_project"},{"runId":7,"checkerId":"2022","bugHash":"b5pifmffdrllfspgbfmhllh0kpzve9tb","checkedFile":"src/example100.h","checkerMsg":" [U] ソースファイルの末尾が改行文字で終了していません。 ","reportId":833,"fileId":100,"line":35,"column":51,"severity":40,"reviewData":{"status":1,"comment":"","author":"siro sato@company.com","date":"2024-05-01 00:00:00.000000","status_str":"CONFIRMED"},"detectionStatus":2,"detectedAt":"2022-06-27 00:00:00.000000","fixedAt":"2022-11-12 00:00:00.000000","bugPathLength":3,"details":"Path: func1() -> func2()","analyzerName":"Clang-Tidy","guidelines":[],"product":"safety_system"},{"runId":2,"checkerId":"1303","bugHash":"sgwtwfo9rrn9nyc27xnsayxu4sd2rlhi","checkedFile":"src/example82.h","checkerMsg":" 変数が使用される前に初期化されていません。 ","reportId":217,"fileId":627,"line":24,"column":74,"severity":10,"reviewData":{"status":1,"comment":"コーディング規約に違反しています","author":"taro yamada@company.com","date":"2025-02-28 00:00:00.000000","status_str":"CONFIRMED"},"detectionStatus":3,"detectedAt":"2025-01-31 00:00:00.000000","fixedAt":null,"bugPathLength":3,"details":"Path: func1() -> func2()","analyzerName":"CodeSonar","guidelines":[],"product":"car_project"},{"runId":3,"checkerId":"0914","bugHash":"ccsoiargczakn1jxuypduxzpe6pjq3fp","checkedFile":"src/example70.c","checkerMsg":" 変数が使用される前に初期化されていません。 ","reportId":818,"fileId":811,"line":31,"column":24,"severity":40,"reviewData":{"status":3,"comment":"#Rule-1.3 違反","author":"saburo tanaka@company.com","date":"2025-05-15 00:00:00.000000","status_str":"INTENTIONAL"},"detectionStatus":1,"detectedAt":"2025-04-26 00:00:00.000000","fixedAt":null,"bugPathLength":5,"details":"Path: func1() -> func2()","analyzerName":"CodeSonar","guidelines":[],"product":"safety_system"},{"runId":10,"checkerId":"1900","bugHash":"hcciirqbjfi86qenfvk8pg8vkrgkwmky","checkedFile":"src/example13.cpp","checkerMsg":" [U] ソースファイルの末尾が改行文字で終了していません。 ","reportId":682,"fileId":920,"line":30,"column":17,"severity":20,"reviewData":{"status":3,"comment":"FalsePositive - 実際には問題ないコードです","author":"taro yamada@company.com","date":"2025-05-21 00:00:00.000000","status_str":"INTENTIONAL"},"detectionStatus":1,"detectedAt":"2024-06-05 00:00:00.000000","fixedAt":null,"bugPathLength":2,"details":null,"analyzerName":"Clang-Tidy","guidelines":[],"product":"car_project"},{"runId":9,"checkerId":"1900","bugHash":"z0x7arw3cdngydc3cnqqyadzhexdzasi","checkedFile":"src/example71.h","checkerMsg":" 関数型の仮引数並びを空にすると、C++言語では異なる意味になります。 ","reportId":997,"fileId":503,"line":32,"column":63,"severity":30,"reviewData":{"status":3,"comment":"意図的な実装です","author":"jiro suzuki@companu.com","date":"2025-06-27 00:00:00.000000","status_str":"INTENTIONAL"},"detectionStatus":1,"detectedAt":"2025-01-12 00:00:00.000000","fixedAt":null,"bugPathLength":5,"details":null,"analyzerName":"QAC","guidelines":[],"product":"car_project"},{"runId":6,"checkerId":"1900","bugHash":"ewtqs0bzobtomcdme6n4cxx9op5iz4lu","checkedFile":"src/example22.h","checkerMsg":" 配列の境界チェックがされていません。 ","reportId":756,"fileId":180,"line":7,"column":73,"severity":0,"reviewData":{"status":1,"comment":"意図的な実装です","author":"siro sato@company.com","date":"2024-11-16 00:00:00.000000","status_str":"CONFIRMED"},"detectionStatus":2,"detectedAt":"2024-02-19 00:00:00.000000","fixedAt":"2024-10-10 00:00:00.000000","bugPathLength":1,"details":"Path: func1() -> func2()","analyzerName":"Clang-Tidy","guidelines":[],"product":"engine_control"},{"runId":6,"checkerId":"1505","bugHash":"ue2yb9t8cscmlzjj5ez7uo6gn2qwp9ag","checkedFile":"src/example25.cpp","checkerMsg":" 変数が使用される前に初期化されていません。 ","reportId":861,"fileId":505,"line":9,"column":64,"severity":30,"reviewData":{"status":2,"comment":"#Rule-1.3 違反","author":"taro yamada@company.com","date":"2025-04-07 00:00:00.000000","status_str":"FALSE_POSITIVE"},"detectionStatus":1,"detectedAt":"2025-02-03 00:00:00.000000","fixedAt":null,"bugPathLength":3,"details":"Path: func1() -> func2()","analyzerName":"Clang-Tidy","guidelines":[],"product":"engine_control"},{"runId":9,"checkerId":"0940","bugHash":"axkk2s7chxryogsui6snd3v71yliq526","checkedFile":"src/example84.c","checkerMsg":" 配列の境界チェックがされていません。 ","reportId":912,"fileId":329,"line":18,"column":68,"severity":40,"reviewData":{"status":1,"comment":"意図的な実装です","author":"siro sato@company.com","date":"2025-09-24 00:00:00.000000","status_str":"CONFIRMED"},"detectionStatus":1,"detectedAt":"2025-09-22 00:00:00.000000","fixedAt":null,"bugPathLength":3,"details":"Path: func1() -> func2()","analyzerName":"CodeSonar","guidelines":[],"product":"engine_control"},{"runId":1,"checkerId":"2120","bugHash":"gagsqgbiw2trr9ihngvux3zojono0qta","checkedFile":"src/example36.h","checkerMsg":" 変数が使用される前に初期化されていません。 ","reportId":734,"fileId":705,"line":49,"column":15,"severity":0,"reviewData":{"status":2,"comment":"FalsePositive - 実際には問題ないコードです","author":"saburo tanaka@company.com","date":"2025-07-09 00:00:00.000000","status_str":"FALSE_POSITIVE"},"detectionStatus":3,"detectedAt":"2022-05-25 00:00:00.000000","fixedAt":null,"bugPathLength":4,"details":"Path: func1() -> func2()","analyzerName":"Coverity","guidelines":[],"product":"car_project"},{"runId":5,"checkerId":"2120","bugHash":"qx1jx7qxjtrlxvkfsngkzkpybijdywjr","checkedFile":"src/example9.c","checkerMsg":" 配列の境界チェックがされていません。 ","reportId":906,"fileId":227,"line":41,"column":13,"severity":30,"reviewData":{"status":3,"comment":"これは確認済みの問題です","author":"taro yamada@company.com","date":"2025-09-13 00:00:00.000000","status_str":"INTENTIONAL"},"detectionStatus":1,"detectedAt":"2025-07-10 00:00:00.000000","fixedAt":null,"bugPathLength":5,"details":"Path: func1() -> func2()","analyzerName":"CodeSonar","guidelines":[],"product":"mydemo"},{"runId":3,"checkerId":"1900","bugHash":"ezwqb7znbilwb0uvjpwqi2kxcsinyo6p","checkedFile":"src/example57.cpp","checkerMsg":" 関数型の仮引数並びを空にすると、C++言語では異なる意味になります。 ","reportId":445,"fileId":286,"line":1,"column":28,"severity":30,"reviewData":{"status":2,"comment":"意図的な実装です","author":"taro yamada@company.com","date":"2024-06-04 00:00:00.000000","status_str":"FALSE_POSITIVE"},"detectionStatus":3,"detectedAt":"2022-07-16 00:00:00.000000","fixedAt":"2025-07-10 00:00:00.000000","bugPathLength":5,"details":"Path: func1() -> func2()","analyzerName":"CodeSonar","guidelines":[],"product":"engine_control"},{"runId":1,"checkerId":"2120","bugHash":"ugvprhknbbzjxs84jgeueym5bpaon1af","checkedFile":"src/example43.c","checkerMsg":" 配列の境界チェックがされていません。 ","reportId":369,"fileId":607,"line":28,"column":4,"severity":10,"reviewData":{"status":2,"comment":"コーディング規約に違反しています","author":"saburo tanaka@company.com","date":"2022-03-31 00:00:00.000000","status_str":"FALSE_POSITIVE"},"detectionStatus":3,"detectedAt":"2020-09-05 00:00:00.000000","fixedAt":null,"bugPathLength":4,"details":"Path: func1() -> func2()","analyzerName":"QAC","guidelines":[],"product":"engine_control"},{"runId":6,"checkerId":"1505","bugHash":"n31eamj4nvbczsgqn7gpc404egaxtdsc","checkedFile":"src/example7.hpp","checkerMsg":" 関数型の仮引数並びを空にすると、C++言語では異なる意味になります。 ","reportId":444,"fileId":675,"line":43,"column":60,"severity":10,"reviewData":{"status":3,"comment":"","author":"siro sato@company.com","date":"2024-04-19 00:00:00.000000","status_str":"INTENTIONAL"},"detectionStatus":1,"detectedAt":"2021-04-20 00:00:00.000000","fixedAt":null,"bugPathLength":4,"details":null,"analyzerName":"QAC","guidelines":[],"product":"car_project"},{"runId":9,"checkerId":"3200","bugHash":"xnci2r2itzs8mmwbnzcem83gp4eotyer","checkedFile":"src/example17.hpp","checkerMsg":" [U] ソースファイルの末尾が改行文字で終了していません。 ","reportId":501,"fileId":595,"line":1,"column":40,"severity":30,"reviewData":{"status":2,"comment":"","author":"saburo tanaka@company.com","date":"2023-07-14 00:00:00.000000","status_str":"FALSE_POSITIVE"},"detectionStatus":1,"detectedAt":"2021-04-11 00:00:00.000000","fixedAt":null,"bugPathLength":3,"details":"Path: func1() -> func2()","analyzerName":"CodeSonar","guidelines":[],"product":"engine_control"},{"runId":5,"checkerId":"1505","bugHash":"ifqnbmnf2zq6ln9vbxxdmeg3pybwhcai","checkedFile":"src/example83.hpp","checkerMsg":" 変数が使用される前に初期化されていません。 ","reportId":253,"fileId":598,"line":1,"column":52,"severity":0,"reviewData":{"status":3,"comment":"これは確認済みの問題です","author":"jiro suzuki@companu.com","date":"2024-10-28 00:00:00.000000","status_str":"INTENTIONAL"},"detectionStatus":2,"detectedAt":"2020-10-20 00:00:00.000000","fixedAt":null,"bugPathLength":5,"details":null,"analyzerName":"Clang-Tidy","guidelines":[],"product":"safety_system"},{"runId":9,"checkerId":"2022","bugHash":"wsevccrl6hi32l2kqj8gtcccdjfhtz6g","checkedFile":"src/example48.h","checkerMsg":" [U] ソースファイルの末尾が改行文字で終了していません。 ","reportId":922,"fileId":532,"line":33,"column":20,"severity":10,"reviewData":{"status":2,"comment":"コーディング規約に違反しています","author":"jiro suzuki@companu.com","date":"2024-10-01 00:00:00.000000","status_str":"FALSE_POSITIVE"},"detectionStatus":2,"detectedAt":"2024-09-12 00:00:00.000000","fixedAt":null,"bugPathLength":2,"details":null,"analyzerName":"Coverity","guidelines":[],"product":"mydemo"},{"runId":9,"checkerId":"0940","bugHash":"cllmdyt5xaxx3359nyjnvwfiz2bw0uct","checkedFile":"src/example34.c","checkerMsg":" [U] ソースファイルの末尾が改行文字で終了していません。 ","reportId":752,"fileId":402,"line":36,"column":54,"severity":30,"reviewData":{"status":2,"comment":"#Rule-1.3 違反","author":"taro yamada@company.com","date":"2025-01-23 00:00:00.000000","status_str":"FALSE_POSITIVE"},"detectionStatus":3,"detectedAt":"2021-09-18 00:00:00.000000","fixedAt":null,"bugPathLength":1,"details":null,"analyzerName":"CodeSonar","guidelines":[],"product":"mydemo"},{"runId":8,"checkerId":"1303","bugHash":"wwvxlydy06ykjouvqidmsaumdfm7udlu","checkedFile":"src/example74.hpp","checkerMsg":" 配列の境界チェックがされていません。 ","reportId":631,"fileId":589,"line":11,"column":58,"severity":40,"reviewData":{"status":2,"comment":"#Rule-1.3 違反","author":"taro yamada@company.com","date":"2024-06-27 00:00:00.000000","status_str":"FALSE_POSITIVE"},"detectionStatus":3,"detectedAt":"2022-12-14 00:00:00.000000","fixedAt":null,"bugPathLength":2,"details":null,"analyzerName":"Coverity","guidelines":[],"product":"safety_system"},{"runId":2,"checkerId":"3200","bugHash":"jr7vbrf6wfckyk6rgzkqnqdqoxezn080","checkedFile":"src/example24.c","checkerMsg":" [U] ソースファイルの末尾が改行文字で終了していません。 ","reportId":509,"fileId":115,"line":26,"column":9,"severity":0,"reviewData":{"status":2,"comment":"コーディング規約に違反しています","author":"saburo tanaka@company.com","date":"2024-10-29 00:00:00.000000","status_str":"FALSE_POSITIVE"},"detectionStatus":3,"detectedAt":"2022-04-02 00:00:00.000000","fixedAt":null,"bugPathLength":4,"details":null,"analyzerName":"Coverity","guidelines":[],"product":"car_project"},{"runId":6,"checkerId":"0940","bugHash":"zhezccvdikp1zwmtr0j8oktpavzlsjbo","checkedFile":"src/example20.hpp","checkerMsg":" [U] ソースファイルの末尾が改行文字で終了していません。 ","reportId":172,"fileId":563,"line":6,"column":31,"severity":10,"reviewData":{"status":1,"comment":"FalsePositive - 実際には問題ないコードです","author":"jiro suzuki@companu.com","date":"2025-08-26 00:00:00.000000","status_str":"CONFIRMED"},"detectionStatus":1,"detectedAt":"2021-03-07 00:00:00.000000","fixedAt":"2024-02-14 00:00:00.000000","bugPathLength":4,"details":null,"analyzerName":"Clang-Tidy","guidelines":[],"product":"engine_control"}]